#,Validation Status,EC Class,Attribute,Object Name,Object Code,Component,PHD Tag ID,From Unit,Last Transfer
1,BOTH,PWEL_DAY_STATUS,AVG_BH_PRESS,PL-PYA 02,PL-PYA-02,,PRP.22PI001002.DACA.PV,MPA,26-MAY-2026
2,BOTH,PWEL_DAY_STATUS,AVG_BH_PRESS,PLA01,PLA-01,,PRP.01PI001002.DACA.PV,MPA,26-MAY-2026
3,BOTH,PWEL_DAY_STATUS,AVG_BH_PRESS,PLA02,PLA-02,,PRP.02PI001002.DACA.PV,MPA,26-MAY-2026
4,BOTH,PWEL_DAY_STATUS,AVG_BH_PRESS,PLA03,PLA-03,,PRP.03PI001002.DACA.PV,MPA,26-MAY-2026
5,BOTH,PWEL_DAY_STATUS,AVG_BH_PRESS,PLA04,PLA-04,,PRP.04PI001002.DACA.PV,MPA,26-MAY-2026
6,BOTH,PWEL_DAY_STATUS,AVG_BH_PRESS,PLA05,PLA-05,,PRP.05PI001002.DACA.PV,MPA,26-MAY-2026
7,BOTH,PWEL_DAY_STATUS,AVG_BH_PRESS,PLA06,PLA-06,,PRP.06PI001002.DACA.PV,MPA,26-MAY-2026
8,BOTH,PWEL_DAY_STATUS,AVG_BH_PRESS,PLA07,PLA-07,,PRP.07PI001002.DACA.PV,MPA,26-MAY-2026
9,BOTH,PWEL_DAY_STATUS,AVG_BH_PRESS,PLA08,PLA-08,,PRP.08PI001002.DACA.PV,MPA,26-MAY-2026
10,BOTH,PWEL_DAY_STATUS,AVG_BH_PRESS,PYA01,PYA-01,,PRP.21PI001002.DACA.PV,MPA,26-MAY-2026
11,BOTH,PWEL_DAY_STATUS,AVG_BH_PRESS,XNA01,XNA-01,,PRP.11PI001003.DACA.PV,MPA,26-MAY-2026
12,BOTH,PWEL_DAY_STATUS,AVG_BH_PRESS,XNA02,XNA-02,,PRP.12PI001002.DACA.PV,MPA,26-MAY-2026
13,BOTH,PWEL_DAY_STATUS,AVG_BH_TEMP,PL-PYA 02,PL-PYA-02,,PRP.22TI001002.DACA.PV,,26-MAY-2026
14,BOTH,PWEL_DAY_STATUS,AVG_BH_TEMP,PLA01,PLA-01,,PRP.01TI001002.DACA.PV,,26-MAY-2026
15,BOTH,PWEL_DAY_STATUS,AVG_BH_TEMP,PLA02,PLA-02,,PRP.02TI001002.DACA.PV,,26-MAY-2026
16,BOTH,PWEL_DAY_STATUS,AVG_BH_TEMP,PLA03,PLA-03,,PRP.03TI001002.DACA.PV,,26-MAY-2026
17,BOTH,PWEL_DAY_STATUS,AVG_BH_TEMP,PLA04,PLA-04,,PRP.04TI001002.DACA.PV,,26-MAY-2026
18,BOTH,PWEL_DAY_STATUS,AVG_BH_TEMP,PLA05,PLA-05,,PRP.05TI001002.DACA.PV,,26-MAY-2026
19,BOTH,PWEL_DAY_STATUS,AVG_BH_TEMP,PLA06,PLA-06,,PRP.06TI001002.DACA.PV,,26-MAY-2026
20,BOTH,PWEL_DAY_STATUS,AVG_BH_TEMP,PLA07,PLA-07,,PRP.07TI001002.DACA.PV,,26-MAY-2026
21,BOTH,PWEL_DAY_STATUS,AVG_BH_TEMP,PLA08,PLA-08,,PRP.08TI001002.DACA.PV,,26-MAY-2026
22,BOTH,PWEL_DAY_STATUS,AVG_BH_TEMP,PYA01,PYA-01,,PRP.21TI001002.DACA.PV,,26-MAY-2026
23,BOTH,PWEL_DAY_STATUS,AVG_BH_TEMP,XNA01,XNA-01,,PRP.11TI001003.DACA.PV,,26-MAY-2026
24,BOTH,PWEL_DAY_STATUS,AVG_BH_TEMP,XNA02,XNA-02,,PRP.12TI002051.DACA.PV,,26-MAY-2026
25,BOTH,PWEL_DAY_STATUS,AVG_CHOKE_SIZE,PL-PYA 02,PL-PYA-02,,PRP.22PCV002055.DACA.PV,,26-MAY-2026
26,BOTH,PWEL_DAY_STATUS,AVG_CHOKE_SIZE,PLA01,PLA-01,,PRP.01GI002055.DACA.PV,,26-MAY-2026
27,BOTH,PWEL_DAY_STATUS,AVG_CHOKE_SIZE,PLA02,PLA-02,,PRP.02GI002055.DACA.PV,,26-MAY-2026
28,BOTH,PWEL_DAY_STATUS,AVG_CHOKE_SIZE,PLA03,PLA-03,,PRP.03GI002055.DACA.PV,,26-MAY-2026
29,BOTH,PWEL_DAY_STATUS,AVG_CHOKE_SIZE,PLA04,PLA-04,,PRP.04GI002055.DACA.PV,,26-MAY-2026
30,BOTH,PWEL_DAY_STATUS,AVG_CHOKE_SIZE,PLA05,PLA-05,,PRP.05GI002055.DACA.PV,,26-MAY-2026
31,BOTH,PWEL_DAY_STATUS,AVG_CHOKE_SIZE,PLA06,PLA-06,,PRP.06GI002055.DACA.PV,,26-MAY-2026
32,BOTH,PWEL_DAY_STATUS,AVG_CHOKE_SIZE,PLA07,PLA-07,,PRP.07GI002055.DACA.PV,,26-MAY-2026
33,BOTH,PWEL_DAY_STATUS,AVG_CHOKE_SIZE,PLA08,PLA-08,,PRP.08GI002055.DACA.PV,,26-MAY-2026
34,BOTH,PWEL_DAY_STATUS,AVG_CHOKE_SIZE,PYA01,PYA-01,,PRP.21PCV002055.DACA.PV,,26-MAY-2026
35,BOTH,PWEL_DAY_STATUS,AVG_CHOKE_SIZE,XNA01,XNA-01,,PRP.11GI002055.DACA.PV,,26-MAY-2026
36,BOTH,PWEL_DAY_STATUS,AVG_CHOKE_SIZE,XNA02,XNA-02,,PRP.12PCV002055.DACA.PV,,26-MAY-2026
37,BOTH,PWEL_DAY_STATUS,AVG_GAS_RATE,SCA 01,SCA_01,,SCA.PCS.10FQI050110V-PV.PV,,28-MAY-2026
38,BOTH,PWEL_DAY_STATUS,AVG_GAS_RATE,SCA 02,SCA_02,,SCA.PCS.10FQI050210V-PV.PV,,28-MAY-2026
39,BOTH,PWEL_DAY_STATUS,AVG_GAS_RATE,SCA 03,SCA_03,,SCA.PCS.10FQI050310V-PV.PV,,28-MAY-2026
40,BOTH,PWEL_DAY_STATUS,AVG_GAS_RATE,SCA 04,SCA_04,,SCA.PCS.10FQI050410V-PV.PV,,28-MAY-2026
41,BOTH,PWEL_DAY_STATUS,AVG_GAS_RATE,SCA 05,SCA_05,,SCA.PCS.10FQI050510V-PV.PV,,28-MAY-2026
42,BOTH,PWEL_DAY_STATUS,AVG_GAS_RATE,SCA 06,SCA_06,,SCA.PCS.10FQI050610V-PV.PV,,28-MAY-2026
43,BOTH,PWEL_DAY_STATUS,AVG_GAS_RATE,SCA 07,SCA_07,,SCA.PCS.10FQI050710V-PV.PV,,28-MAY-2026
44,BOTH,PWEL_DAY_STATUS,AVG_GAS_RATE,SCA 08,SCA_08,,SCA.PCS.10FQI050810V-PV.PV,,28-MAY-2026
45,BOTH,PWEL_DAY_STATUS,AVG_GAS_RATE,SCA 11,SCA_11,,SCA.PCS.10FQI051110V-PV.PV,,28-MAY-2026
46,BOTH,PWEL_DAY_STATUS,AVG_WH_PRESS,PL-PYA 02,PL-PYA-02,,PRP.22PI002010.DACA.PV,MPA,26-MAY-2026
47,BOTH,PWEL_DAY_STATUS,AVG_WH_PRESS,PLA01,PLA-01,,PRP.01PI002010_11.DACA.PV,MPA,26-MAY-2026
48,BOTH,PWEL_DAY_STATUS,AVG_WH_PRESS,PLA02,PLA-02,,PRP.02PI002010_11.DACA.PV,MPA,26-MAY-2026
49,BOTH,PWEL_DAY_STATUS,AVG_WH_PRESS,PLA03,PLA-03,,PRP.03PI002010_11.DACA.PV,MPA,26-MAY-2026
50,BOTH,PWEL_DAY_STATUS,AVG_WH_PRESS,PLA04,PLA-04,,PRP.04PI002010_11.DACA.PV,MPA,26-MAY-2026
51,BOTH,PWEL_DAY_STATUS,AVG_WH_PRESS,PLA05,PLA-05,,PRP.05PI002010_11.DACA.PV,MPA,26-MAY-2026
52,BOTH,PWEL_DAY_STATUS,AVG_WH_PRESS,PLA06,PLA-06,,PRP.06PI002010_11.DACA.PV,MPA,26-MAY-2026
53,BOTH,PWEL_DAY_STATUS,AVG_WH_PRESS,PLA07,PLA-07,,PRP.07PI002010_11.DACA.PV,MPA,26-MAY-2026
54,BOTH,PWEL_DAY_STATUS,AVG_WH_PRESS,PLA08,PLA-08,,PRP.08PI002010_11.DACA.PV,MPA,26-MAY-2026
55,BOTH,PWEL_DAY_STATUS,AVG_WH_PRESS,PYA01,PYA-01,,PRP.21PI002010.DACA.PV,MPA,26-MAY-2026
56,BOTH,PWEL_DAY_STATUS,AVG_WH_PRESS,XNA01,XNA-01,,PRP.11PI002010_11.DACA.PV,MPA,26-MAY-2026
57,BOTH,PWEL_DAY_STATUS,AVG_WH_PRESS,XNA02,XNA-02,,PRP.12PI002010_011.DACA.PV,MPA,26-MAY-2026
58,BOTH,PWEL_DAY_STATUS,AVG_WH_TEMP,PL-PYA 02,PL-PYA-02,,PRP.22TI002010.DACA.PV,,26-MAY-2026
59,BOTH,PWEL_DAY_STATUS,AVG_WH_TEMP,PLA01,PLA-01,,PRP.01TI002010_11.DACA.PV,,26-MAY-2026
60,BOTH,PWEL_DAY_STATUS,AVG_WH_TEMP,PLA02,PLA-02,,PRP.02TI002010_11.DACA.PV,,26-MAY-2026
61,BOTH,PWEL_DAY_STATUS,AVG_WH_TEMP,PLA03,PLA-03,,PRP.03TI002010_11.DACA.PV,,26-MAY-2026
62,BOTH,PWEL_DAY_STATUS,AVG_WH_TEMP,PLA04,PLA-04,,PRP.04TI002010_11.DACA.PV,,26-MAY-2026
63,BOTH,PWEL_DAY_STATUS,AVG_WH_TEMP,PLA05,PLA-05,,PRP.05TI002010_11.DACA.PV,,26-MAY-2026
64,BOTH,PWEL_DAY_STATUS,AVG_WH_TEMP,PLA06,PLA-06,,PRP.06TI002010_11.DACA.PV,,26-MAY-2026
65,BOTH,PWEL_DAY_STATUS,AVG_WH_TEMP,PLA07,PLA-07,,PRP.07TI002010_11.DACA.PV,,26-MAY-2026
66,BOTH,PWEL_DAY_STATUS,AVG_WH_TEMP,PLA08,PLA-08,,PRP.08TI002010_11.DACA.PV,,26-MAY-2026
67,BOTH,PWEL_DAY_STATUS,AVG_WH_TEMP,PYA01,PYA-01,,PRP.21TI002010.DACA.PV,,26-MAY-2026
68,BOTH,PWEL_DAY_STATUS,AVG_WH_TEMP,XNA01,XNA-01,,PRP.11TI002010_11.DACA.PV,,26-MAY-2026
69,BOTH,PWEL_DAY_STATUS,AVG_WH_TEMP,XNA02,XNA-02,,PRP.12TI002010_011.DACA.PV,,26-MAY-2026
70,BOTH,PWEL_DAY_STATUS,ON_STREAM_HRS,PL-PYA 02,PL-PYA-02,,PRP.22KQI002075.TOTALIZER.PV,,26-MAY-2026
71,BOTH,PWEL_DAY_STATUS,ON_STREAM_HRS,PLA01,PLA-01,,PRP.01KQI002075.DACA.PV,,26-MAY-2026
72,BOTH,PWEL_DAY_STATUS,ON_STREAM_HRS,PLA02,PLA-02,,PRP.02KQI002075.DACA.PV,,26-MAY-2026
73,BOTH,PWEL_DAY_STATUS,ON_STREAM_HRS,PLA03,PLA-03,,PRP.03KQI002075.DACA.PV,,26-MAY-2026
74,BOTH,PWEL_DAY_STATUS,ON_STREAM_HRS,PLA04,PLA-04,,PRP.04KQI002075.DACA.PV,,26-MAY-2026
75,BOTH,PWEL_DAY_STATUS,ON_STREAM_HRS,PLA05,PLA-05,,PRP.05KQI002075.DACA.PV,,26-MAY-2026
76,BOTH,PWEL_DAY_STATUS,ON_STREAM_HRS,PLA06,PLA-06,,PRP.06KQI002075.DACA.PV,,26-MAY-2026
77,BOTH,PWEL_DAY_STATUS,ON_STREAM_HRS,PLA07,PLA-07,,PRP.07KQI002075.DACA.PV,,26-MAY-2026
78,BOTH,PWEL_DAY_STATUS,ON_STREAM_HRS,PLA08,PLA-08,,PRP.08KQI002075.DACA.PV,,26-MAY-2026
79,BOTH,PWEL_DAY_STATUS,ON_STREAM_HRS,PYA01,PYA-01,,PRP.21KQI002075.TOTALIZER.PV,,26-MAY-2026
80,BOTH,PWEL_DAY_STATUS,ON_STREAM_HRS,XNA01,XNA-01,,PRP.11KQI002075.DACA.PV,,26-MAY-2026
81,BOTH,PWEL_DAY_STATUS,ON_STREAM_HRS,XNA02,XNA-02,,PRP.12KQI002075.TOTALIZER.PV,,26-MAY-2026
82,CR ONLY,EQPM_DAY_STATUS,ON_STREAM_HRS,AGRU Processing Unit,AGRU_PU,,PGP.TOT_ARGU_ONLINE.YDAY.PV,,26-MAY-2026
83,CR ONLY,EQPM_DAY_STATUS,ON_STREAM_HRS,RTO Processing Unit,RTO_PU,,PGP.TOT_RTO_ONLINE.YDAY.PV,,26-MAY-2026
84,CR ONLY,PWEL_DAY_STATUS,AVG_COND_MASS,PL-PYA 02,PL-PYA-02,,PRP.22FI002051E.DACA.PV,TONNES,26-MAY-2026
85,CR ONLY,PWEL_DAY_STATUS,AVG_COND_MASS,PLA01,PLA-01,,PRP.01FI002051E.DACA.PV,TONNES,26-MAY-2026
86,CR ONLY,PWEL_DAY_STATUS,AVG_COND_MASS,PLA02,PLA-02,,PRP.02FI002051E.DACA.PV,TONNES,26-MAY-2026
87,CR ONLY,PWEL_DAY_STATUS,AVG_COND_MASS,PLA03,PLA-03,,PRP.03FI002051E.DACA.PV,TONNES,26-MAY-2026
88,CR ONLY,PWEL_DAY_STATUS,AVG_COND_MASS,PLA04,PLA-04,,PRP.04FI002051E.DACA.PV,TONNES,26-MAY-2026
89,CR ONLY,PWEL_DAY_STATUS,AVG_COND_MASS,PLA05,PLA-05,,PRP.05FI002051E.DACA.PV,TONNES,26-MAY-2026
90,CR ONLY,PWEL_DAY_STATUS,AVG_COND_MASS,PLA06,PLA-06,,PRP.06FI002051E.DACA.PV,TONNES,26-MAY-2026
91,CR ONLY,PWEL_DAY_STATUS,AVG_COND_MASS,PLA07,PLA-07,,PRP.07FI002051E.DACA.PV,TONNES,26-MAY-2026
92,CR ONLY,PWEL_DAY_STATUS,AVG_COND_MASS,PLA08,PLA-08,,PRP.08FI002051E.DACA.PV,TONNES,26-MAY-2026
93,CR ONLY,PWEL_DAY_STATUS,AVG_COND_MASS,PYA01,PYA-01,,PRP.21FI002051E.DACA.PV,TONNES,26-MAY-2026
94,CR ONLY,PWEL_DAY_STATUS,AVG_COND_MASS,XNA01,XNA-01,,PRP.11FI002051E.DACA.PV,TONNES,26-MAY-2026
95,CR ONLY,PWEL_DAY_STATUS,AVG_COND_MASS,XNA02,XNA-02,,PRP.12FI002051E.DACA.PV,TONNES,26-MAY-2026
96,CR ONLY,PWEL_DAY_STATUS,AVG_FLOW_MASS,PL-PYA 02,PL-PYA-02,,PAS.PRP_VT_PL_PYA_02_AVG_FLOW_MASS,TONNES,26-MAY-2026
97,CR ONLY,PWEL_DAY_STATUS,AVG_FLOW_MASS,PLA01,PLA-01,,PAS.PRP_VT_PLA_01_AVG_FLOW_MASS,TONNES,26-MAY-2026
98,CR ONLY,PWEL_DAY_STATUS,AVG_FLOW_MASS,PLA02,PLA-02,,PAS.PRP_VT_PLA_02_AVG_FLOW_MASS,TONNES,26-MAY-2026
99,CR ONLY,PWEL_DAY_STATUS,AVG_FLOW_MASS,PLA03,PLA-03,,PAS.PRP_VT_PLA_03_AVG_FLOW_MASS,TONNES,26-MAY-2026
100,CR ONLY,PWEL_DAY_STATUS,AVG_FLOW_MASS,PLA04,PLA-04,,PAS.PRP_VT_PLA_04_AVG_FLOW_MASS,TONNES,26-MAY-2026
101,CR ONLY,PWEL_DAY_STATUS,AVG_FLOW_MASS,PLA05,PLA-05,,PAS.PRP_VT_PLA_05_AVG_FLOW_MASS,TONNES,26-MAY-2026
102,CR ONLY,PWEL_DAY_STATUS,AVG_FLOW_MASS,PLA06,PLA-06,,PAS.PRP_VT_PLA_06_AVG_FLOW_MASS,TONNES,26-MAY-2026
103,CR ONLY,PWEL_DAY_STATUS,AVG_FLOW_MASS,PLA07,PLA-07,,PAS.PRP_VT_PLA_07_AVG_FLOW_MASS,TONNES,26-MAY-2026
104,CR ONLY,PWEL_DAY_STATUS,AVG_FLOW_MASS,PLA08,PLA-08,,PAS.PRP_VT_PLA_08_AVG_FLOW_MASS,TONNES,26-MAY-2026
105,CR ONLY,PWEL_DAY_STATUS,AVG_FLOW_MASS,PYA01,PYA-01,,PAS.PRP_VT_PYA_01_AVG_FLOW_MASS,TONNES,26-MAY-2026
106,CR ONLY,PWEL_DAY_STATUS,AVG_FLOW_MASS,XNA01,XNA-01,,PAS.PRP_VT_XNA_01_AVG_FLOW_MASS,TONNES,26-MAY-2026
107,CR ONLY,PWEL_DAY_STATUS,AVG_FLOW_MASS,XNA02,XNA-02,,PAS.PRP_VT_XNA_02_AVG_FLOW_MASS,TONNES,26-MAY-2026
108,CR ONLY,PWEL_DAY_STATUS,AVG_GAS_MASS,PL-PYA 02,PL-PYA-02,,PRP.22FI002051D.DACA.PV,TONNES,26-MAY-2026
109,CR ONLY,PWEL_DAY_STATUS,AVG_GAS_MASS,PLA01,PLA-01,,PRP.01FI002051D.DACA.PV,TONNES,26-MAY-2026
110,CR ONLY,PWEL_DAY_STATUS,AVG_GAS_MASS,PLA02,PLA-02,,PRP.02FI002051D.DACA.PV,TONNES,26-MAY-2026
111,CR ONLY,PWEL_DAY_STATUS,AVG_GAS_MASS,PLA03,PLA-03,,PRP.03FI002051D.DACA.PV,TONNES,26-MAY-2026
112,CR ONLY,PWEL_DAY_STATUS,AVG_GAS_MASS,PLA04,PLA-04,,PRP.04FI002051D.DACA.PV,TONNES,26-MAY-2026
113,CR ONLY,PWEL_DAY_STATUS,AVG_GAS_MASS,PLA05,PLA-05,,PRP.05FI002051D.DACA.PV,TONNES,26-MAY-2026
114,CR ONLY,PWEL_DAY_STATUS,AVG_GAS_MASS,PLA06,PLA-06,,PRP.06FI002051D.DACA.PV,TONNES,26-MAY-2026
115,CR ONLY,PWEL_DAY_STATUS,AVG_GAS_MASS,PLA07,PLA-07,,PRP.07FI002051D.DACA.PV,TONNES,26-MAY-2026
116,CR ONLY,PWEL_DAY_STATUS,AVG_GAS_MASS,PLA08,PLA-08,,PRP.08FI002051D.DACA.PV,TONNES,26-MAY-2026
117,CR ONLY,PWEL_DAY_STATUS,AVG_GAS_MASS,PYA01,PYA-01,,PRP.21FI002051D.DACA.PV,TONNES,26-MAY-2026
118,CR ONLY,PWEL_DAY_STATUS,AVG_GAS_MASS,SCA 01,SCA_01,,SCA.PCS.10FQI050110M-PV.PV,TONNES,28-MAY-2026
119,CR ONLY,PWEL_DAY_STATUS,AVG_GAS_MASS,SCA 02,SCA_02,,SCA.PCS.10FQI050210M-PV.PV,TONNES,28-MAY-2026
120,CR ONLY,PWEL_DAY_STATUS,AVG_GAS_MASS,SCA 03,SCA_03,,SCA.PCS.10FQI050310M-PV.PV,TONNES,28-MAY-2026
121,CR ONLY,PWEL_DAY_STATUS,AVG_GAS_MASS,SCA 04,SCA_04,,SCA.PCS.10FQI050410M-PV.PV,TONNES,28-MAY-2026
122,CR ONLY,PWEL_DAY_STATUS,AVG_GAS_MASS,SCA 05,SCA_05,,SCA.PCS.10FQI050510M-PV.PV,TONNES,28-MAY-2026
123,CR ONLY,PWEL_DAY_STATUS,AVG_GAS_MASS,SCA 06,SCA_06,,SCA.PCS.10FQI050610M-PV.PV,TONNES,28-MAY-2026
124,CR ONLY,PWEL_DAY_STATUS,AVG_GAS_MASS,SCA 07,SCA_07,,SCA.PCS.10FQI050710M-PV.PV,TONNES,28-MAY-2026
125,CR ONLY,PWEL_DAY_STATUS,AVG_GAS_MASS,SCA 08,SCA_08,,SCA.PCS.10FQI050810M-PV.PV,TONNES,28-MAY-2026
126,CR ONLY,PWEL_DAY_STATUS,AVG_GAS_MASS,SCA 11,SCA_11,,SCA.PCS.10FQI051110M-PV.PV,TONNES,28-MAY-2026
127,CR ONLY,PWEL_DAY_STATUS,AVG_GAS_MASS,XNA01,XNA-01,,PRP.11FI002051D.DACA.PV,TONNES,26-MAY-2026
128,CR ONLY,PWEL_DAY_STATUS,AVG_GAS_MASS,XNA02,XNA-02,,PRP.12FI002051D.DACA.PV,TONNES,26-MAY-2026
129,CR ONLY,PWEL_DAY_STATUS,AVG_WATER_MASS,PL-PYA 02,PL-PYA-02,,PRP.22FI002051F.DACA.PV,TONNES,26-MAY-2026
130,CR ONLY,PWEL_DAY_STATUS,AVG_WATER_MASS,PLA01,PLA-01,,PRP.01FI002051F.DACA.PV,TONNES,26-MAY-2026
131,CR ONLY,PWEL_DAY_STATUS,AVG_WATER_MASS,PLA02,PLA-02,,PRP.02FI002051F.DACA.PV,TONNES,26-MAY-2026
132,CR ONLY,PWEL_DAY_STATUS,AVG_WATER_MASS,PLA03,PLA-03,,PRP.03FI002051F.DACA.PV,TONNES,26-MAY-2026
133,CR ONLY,PWEL_DAY_STATUS,AVG_WATER_MASS,PLA04,PLA-04,,PRP.04FI002051F.DACA.PV,TONNES,26-MAY-2026
134,CR ONLY,PWEL_DAY_STATUS,AVG_WATER_MASS,PLA05,PLA-05,,PRP.05FI002051F.DACA.PV,TONNES,26-MAY-2026
135,CR ONLY,PWEL_DAY_STATUS,AVG_WATER_MASS,PLA06,PLA-06,,PRP.06FI002051F.DACA.PV,TONNES,26-MAY-2026
136,CR ONLY,PWEL_DAY_STATUS,AVG_WATER_MASS,PLA07,PLA-07,,PRP.07FI002051F.DACA.PV,TONNES,26-MAY-2026
137,CR ONLY,PWEL_DAY_STATUS,AVG_WATER_MASS,PLA08,PLA-08,,PRP.08FI002051F.DACA.PV,TONNES,26-MAY-2026
138,CR ONLY,PWEL_DAY_STATUS,AVG_WATER_MASS,PYA01,PYA-01,,PRP.21FI002051F.DACA.PV,TONNES,26-MAY-2026
139,CR ONLY,PWEL_DAY_STATUS,AVG_WATER_MASS,XNA01,XNA-01,,PRP.11FI002051F.DACA.PV,TONNES,26-MAY-2026
140,CR ONLY,PWEL_DAY_STATUS,AVG_WATER_MASS,XNA02,XNA-02,,PRP.12FI002051F.DACA.PV,TONNES,26-MAY-2026
141,CR ONLY,STRM_DAY_STREAM_MEAS_ELE,POWER_CONSUMPTION,BOG Compressor A,BOG_CMPRSR_A,,PGP.S01A1_A8_W.PV,KW,26-MAY-2026
142,CR ONLY,STRM_DAY_STREAM_MEAS_ELE,POWER_CONSUMPTION,BOG Compressor B,BOG_CMPRSR_B,,PGP.S01A1_B9_W.PV,KW,26-MAY-2026
143,CR ONLY,STRM_DAY_STREAM_MEAS_ELE,POWER_CONSUMPTION,Condensate Loading Pump A,COND_LP_A,,PGP.S06C1_A4_W.PV,KW,26-MAY-2026
144,CR ONLY,STRM_DAY_STREAM_MEAS_ELE,POWER_CONSUMPTION,Condensate Loading Pump B,COND_LP_B,,PGP.S06C1_B4_W.PV,KW,26-MAY-2026
145,CR ONLY,STRM_DAY_STREAM_MEAS_ELE,POWER_CONSUMPTION,Condensate Loading Pump C,COND_LP_C,,PGP.S06C1_B8_W.PV,KW,26-MAY-2026
146,CR ONLY,STRM_DAY_STREAM_MEAS_ELE,POWER_CONSUMPTION,Electricity produced from 2GT-3101,ELEC_PROD_FROM_GT4005,,PGP.TOT_2XS31275.YDAY.PV,,04-JAN-2026
147,CR ONLY,STRM_DAY_STREAM_MEAS_ELE,POWER_CONSUMPTION,Electricity produced from EDG1,ELEC_PROD_FROM_EDG1,,PGP.TOT_S01F1_X1_W.YDAY.PV,,26-MAY-2026
148,CR ONLY,STRM_DAY_STREAM_MEAS_ELE,POWER_CONSUMPTION,Electricity produced from EDG2,ELEC_PROD_FROM_EDG2,,PGP.TOT_S01F1_X2_W.YDAY.PV,,26-MAY-2026
149,CR ONLY,STRM_DAY_STREAM_MEAS_ELE,POWER_CONSUMPTION,Electricity produced from EDG3,ELEC_PROD_FROM_EDG3,,PGP.TOT_S01F1_X3_W.YDAY.PV,,26-MAY-2026
150,CR ONLY,STRM_DAY_STREAM_MEAS_ELE,POWER_CONSUMPTION,Electricity produced from GT4001,ELEC_PROD_FROM_GT4001,,PGP.TOT_401XI275.YDAY.PV,,26-MAY-2026
151,CR ONLY,STRM_DAY_STREAM_MEAS_ELE,POWER_CONSUMPTION,Electricity produced from GT4002,ELEC_PROD_FROM_GT4002,,PGP.TOT_402XI275.YDAY.PV,,26-MAY-2026
152,CR ONLY,STRM_DAY_STREAM_MEAS_ELE,POWER_CONSUMPTION,Electricity produced from GT4003,ELEC_PROD_FROM_GT4003,,PGP.TOT_403XI275.YDAY.PV,,26-MAY-2026
153,CR ONLY,STRM_DAY_STREAM_MEAS_ELE,POWER_CONSUMPTION,Electricity produced from GT4004,ELEC_PROD_FROM_GT4004,,PGP.TOT_404XI275.YDAY.PV,,26-MAY-2026
154,CR ONLY,STRM_DAY_STREAM_MEAS_ELE,POWER_CONSUMPTION,Electricity production in hydraulic turbines G1410,ELEC_PROD_HT_G1410,,PGP.TOT_S03C1_B8_W.YDAY.PV,,26-MAY-2026
155,CR ONLY,STRM_DAY_STREAM_MEAS_ELE,POWER_CONSUMPTION,Electricity production in hydraulic turbines G1420A,ELEC_PROD_HT_G1420A,,PGP.TOT_S03C1_A8_W.YDAY.PV,,26-MAY-2026
156,CR ONLY,STRM_DAY_STREAM_MEAS_ELE,POWER_CONSUMPTION,Electricity production in hydraulic turbines G1420B,ELEC_PROD_HT_G1420B,,PGP.TOT_S03C1_A9_W.YDAY.PV,,26-MAY-2026
157,CR ONLY,STRM_DAY_STREAM_MEAS_ELE,POWER_CONSUMPTION,Fuel Gas Booster Compressor A,FG_BC_A,,PGP.S01C1_A10_W.PV,KW,26-MAY-2026
158,CR ONLY,STRM_DAY_STREAM_MEAS_ELE,POWER_CONSUMPTION,Fuel Gas Booster Compressor B,FG_BC_B,,PGP.S01C1_B9_W.PV,KW,26-MAY-2026
159,CR ONLY,STRM_DAY_STREAM_MEAS_ELE,POWER_CONSUMPTION,G040111 Kilowatt Hours,G040111_KWH,,PRP.00UQI040505A.PV,,26-MAY-2026
160,CR ONLY,STRM_DAY_STREAM_MEAS_ELE,POWER_CONSUMPTION,G040112 Kilowatt Hours,G040112_KWH,,PRP.00UQI040605A.PV,,26-MAY-2026
161,CR ONLY,STRM_DAY_STREAM_MEAS_ELE,POWER_CONSUMPTION,G040113 Kilowatt Hours,G040113_KWH,,PRP.00UQI040705A.PV,,26-MAY-2026
162,CR ONLY,STRM_DAY_STREAM_MEAS_ELE,POWER_CONSUMPTION,LNG Loading Pump T3101 A,LNG_LP_T3101_A,,PGP.S06C1_A6_W.PV,KW,26-MAY-2026
163,CR ONLY,STRM_DAY_STREAM_MEAS_ELE,POWER_CONSUMPTION,LNG Loading Pump T3101 B,LNG_LP_T3101_B,,PGP.S06C1_B6_W.PV,KW,26-MAY-2026
164,CR ONLY,STRM_DAY_STREAM_MEAS_ELE,POWER_CONSUMPTION,LNG Loading Pump T3101 C,LNG_LP_T3101_C,,PGP.S06C1_B7_W.PV,KW,26-MAY-2026
165,CR ONLY,STRM_DAY_STREAM_MEAS_ELE,POWER_CONSUMPTION,LNG Loading Pump T3102 A,LNG_LP_T3102_A,,PGP.S06C1_A7_W.PV,KW,26-MAY-2026
166,CR ONLY,STRM_DAY_STREAM_MEAS_ELE,POWER_CONSUMPTION,LNG Loading Pump T3102 B,LNG_LP_T3102_B,,PGP.S06C1_B5_W.PV,KW,26-MAY-2026
167,CR ONLY,STRM_DAY_STREAM_MEAS_ELE,POWER_CONSUMPTION,LNG Loading Pump T3102 C,LNG_LP_T3102_C,,PGP.S06C1_A5_W.PV,KW,26-MAY-2026
168,CR ONLY,STRM_DAY_STREAM_MEAS_ELE,POWER_CONSUMPTION,Pluto Pipeline Gas Facilities Electricity Usage,PG_ELEC_USAGE,,PAS.PGP_ZERO_TAG-COPY-9,,26-MAY-2026
169,CR ONLY,STRM_DAY_STREAM_MEAS_ELE,POWER_CONSUMPTION,Pluto Train 2 Electricity Usage,T2_ELEC_USAGE,,PAS.PGP_ZERO_TAG-COPY-10,,26-MAY-2026
170,CR ONLY,STRM_DAY_STREAM_MEAS_ELE,POWER_CONSUMPTION,Stabiliser Overhead Compressor 1K2001 Motor,STAB_OCM_1K2001,,PGP.S05C1_A6_W.PV,KW,26-MAY-2026
171,CR ONLY,STRM_DAY_STREAM_MEAS_ELE,POWER_CONSUMPTION,Stabiliser Overhead Compressor 2K2001 Motor,STAB_OCM_2K2001,,PGP.S05C1_B7_W.PV,KW,26-MAY-2026
172,CR ONLY,STRM_DAY_STREAM_MEAS_ELE,POWER_CONSUMPTION,Train 1 End-Flash-Gas Compressor Motor,T1_EFG_CM,,PGP.S01A1_B5_W.PV,KW,26-MAY-2026
173,CR ONLY,STRM_DAY_STREAM_MEAS_ELE,POWER_CONSUMPTION,Train 1 MR Compressor Helper Motor,T1_MR_CHM,,PGP.S01A1_A4_W.PV,KW,26-MAY-2026
174,CR ONLY,STRM_DAY_STREAM_MEAS_ELE,POWER_CONSUMPTION,Train 1 Methane Product Compressor Motor A,T1_CH4_PCM_A,,PGP.S01A1_A9_W.PV,KW,26-MAY-2026
175,CR ONLY,STRM_DAY_STREAM_MEAS_ELE,POWER_CONSUMPTION,Train 1 Methane Product Compressor Motor B,T1_CH4_PCM_B,,PGP.S01A1_B10_W.PV,KW,26-MAY-2026
176,CR ONLY,STRM_DAY_STREAM_MEAS_ELE,POWER_CONSUMPTION,Train 1 Propane Compressor Helper Motor,T1_PROP_CHM,,PGP.S01A1_B4_W.PV,KW,26-MAY-2026
177,CR ONLY,STRM_DAY_STREAM_MEAS_GAS,GRS_MASS_GAS,1C1401 HC Bottom Outlet,1C1401_HC_BOT_OUTLET,,PGP.114FT002_TOTS.PREV_DAY_MASS.PV,TONNES,26-MAY-2026
178,CR ONLY,STRM_DAY_STREAM_MEAS_GAS,GRS_MASS_GAS,1C1901 Bottom Outlet,1C1901_BOT_OUTLET,,PGP.119FT021_TOTS.PREV_DAY_MASS.PV,TONNES,26-MAY-2026
179,CR ONLY,STRM_DAY_STREAM_MEAS_GAS,GRS_MASS_GAS,BOG to Common Fuel Gas System,BOG_TO_COM_FGS,,PGP.34FT014_TOTS.PREV_DAY_MASS.PV,TONNES,26-MAY-2026
180,CR ONLY,STRM_DAY_STREAM_MEAS_GAS,GRS_MASS_GAS,BOG to Fuel Gas Booster Compressors,BOG_TO_FGB_COMP,,PGP.44FI020_TOTS.PREV_DAY_MASS.PV,TONNES,26-MAY-2026
181,CR ONLY,STRM_DAY_STREAM_MEAS_GAS,GRS_MASS_GAS,Cold Dry Liquid,COLD_DRY_LIQUID,,PGP.62FT023_TOTS.PREV_DAY_MASS.PV,TONNES,26-MAY-2026
182,CR ONLY,STRM_DAY_STREAM_MEAS_GAS,GRS_MASS_GAS,Cold Dry Vapour,COLD_DRY_VAPOUR,,PGP.62FT026_TOTS.PREV_DAY_MASS.PV,TONNES,26-MAY-2026
183,CR ONLY,STRM_DAY_STREAM_MEAS_GAS,GRS_MASS_GAS,DBNGP Compressor Fuel,DBNGP_COMPRS_FUEL,,PGP.44FQI5760C.PV,,26-MAY-2026
184,CR ONLY,STRM_DAY_STREAM_MEAS_GAS,GRS_MASS_GAS,DBNGP Generator Fuel,DBNGP_GNRTR_FUEL,,PAS.PGP_ZERO_TAG-COPY-7,,26-MAY-2026
185,CR ONLY,STRM_DAY_STREAM_MEAS_GAS,GRS_MASS_GAS,DBNGP Pipeline Export Gas,DBNGP_PG_EXPORT_GAS,,PGP.44FQI1010C.PV,,26-MAY-2026
186,CR ONLY,STRM_DAY_STREAM_MEAS_GAS,GRS_MASS_GAS,Facility Export Gas,FCTY_EXPORT_GAS,,SCA.PCS.9FQI350004_TOT.TOTALISER.PERIOD_OLD_A[2],TONNES,28-MAY-2026
187,CR ONLY,STRM_DAY_STREAM_MEAS_GAS,GRS_MASS_GAS,Flash Gas to Train 2 RTO,FLASH_TO_T2_RTO,,PT2.2FQI12381MB.DACA.PV,TONNES,26-MAY-2026
188,CR ONLY,STRM_DAY_STREAM_MEAS_GAS,GRS_MASS_GAS,Fuel Gas to Train 1 RTO Pilots,FUEL_TO_T1_RTO_PILOT,,PAS.PGP_ZERO_TAG,,26-MAY-2026
189,CR ONLY,STRM_DAY_STREAM_MEAS_GAS,GRS_MASS_GAS,Fuel Gas to Train 2 RTO Pilots,FUEL_TO_T2_RTO_PILOT,,PAS.PGP_ZERO_TAG-COPY-40,,28-MAY-2026
190,CR ONLY,STRM_DAY_STREAM_MEAS_GAS,GRS_MASS_GAS,Gas to 1E1402,GAS_TO_1E1402,,PGP.114FE053_TOTS.PREV_DAY_MASS.PV,TONNES,26-MAY-2026
191,CR ONLY,STRM_DAY_STREAM_MEAS_GAS,GRS_MASS_GAS,HP Dry/Cold Flare Header Nitrogen Purge 1,HP_DRY_COLD_FLARE_HEAD_N2_PRG1,,9FQI671006_TOT.TOTALISER.PERIOD_OLD_A[1],,04-JAN-2026
192,CR ONLY,STRM_DAY_STREAM_MEAS_GAS,GRS_MASS_GAS,HP Dry/Cold Flare Header Nitrogen Purge 1,HP_DRY_COLD_FLARE_HEAD_N2_PRG1,,SCA.PCS.9FQI671006_TOT.TOTALISER.PERIOD_OLD_A[1],TONNES,28-MAY-2026
193,CR ONLY,STRM_DAY_STREAM_MEAS_GAS,GRS_MASS_GAS,HP Dry/Cold Flare Header Nitrogen Purge 2,HP_DRY_COLD_FLARE_HEAD_N2_PRG2,,9FQI671017_TOT.TOTALISER.PERIOD_OLD_A[1],,04-JAN-2026
194,CR ONLY,STRM_DAY_STREAM_MEAS_GAS,GRS_MASS_GAS,HP Dry/Cold Flare Header Nitrogen Purge 2,HP_DRY_COLD_FLARE_HEAD_N2_PRG2,,SCA.PCS.9FQI671017_TOT.TOTALISER.PERIOD_OLD_A[1],TONNES,28-MAY-2026
195,CR ONLY,STRM_DAY_STREAM_MEAS_GAS,GRS_MASS_GAS,HP Flare from LP Fuel Gas Header 1,HP_FLARE_LP_FUEL_GAS_HEAD1,,9FQI671018_TOT.TOTALISER.PERIOD_OLD_A[1],,04-JAN-2026
196,CR ONLY,STRM_DAY_STREAM_MEAS_GAS,GRS_MASS_GAS,HP Flare from LP Fuel Gas Header 1,HP_FLARE_LP_FUEL_GAS_HEAD1,,SCA.PCS.9FQI671018_TOT.TOTALISER.PERIOD_OLD_A[1],TONNES,28-MAY-2026
197,CR ONLY,STRM_DAY_STREAM_MEAS_GAS,GRS_MASS_GAS,HP Fuel Gas - Export Gas Compressor 1,HP_FUEL_GAS_EXP_GAS_COMP_1,,SCA.PCS.9FQI541039.TOTALIZER.PV,TONNES,28-MAY-2026
198,CR ONLY,STRM_DAY_STREAM_MEAS_GAS,GRS_MASS_GAS,HP Fuel Gas - Export Gas Compressor 2,HP_FUEL_GAS_EXP_GAS_COMP_2,,SCA.PCS.9FQI541040.TOTALIZER.PV,TONNES,28-MAY-2026
199,CR ONLY,STRM_DAY_STREAM_MEAS_GAS,GRS_MASS_GAS,HP Fuel Gas - Export Gas Compressor 3,HP_FUEL_GAS_EXP_GAS_COMP_3,,SCA.PCS.9FQI541041.TOTALIZER.PV,TONNES,28-MAY-2026
200,CR ONLY,STRM_DAY_STREAM_MEAS_GAS,GRS_MASS_GAS,HP Fuel Gas to 1KT1410,FUEL_GAS_HP_TO_1KT1410,,PGP.114FT058_TOTS.PREV_DAY_MASS.PV,TONNES,26-MAY-2026
201,CR ONLY,STRM_DAY_STREAM_MEAS_GAS,GRS_MASS_GAS,HP Fuel Gas to 1KT1430,FUEL_GAS_HP_TO_1KT1430,,PGP.114FT059_TOTS.PREV_DAY_MASS.PV,TONNES,26-MAY-2026
202,CR ONLY,STRM_DAY_STREAM_MEAS_GAS,GRS_MASS_GAS,HP Wet/Cold Flare Header Nitrogen Purge 1,HP_WET_COLD_FLARE_HEAD_N2_PRG1,,9FQI671003_TOT.TOTALISER.PERIOD_OLD_A[1],,04-JAN-2026
203,CR ONLY,STRM_DAY_STREAM_MEAS_GAS,GRS_MASS_GAS,HP Wet/Cold Flare Header Nitrogen Purge 1,HP_WET_COLD_FLARE_HEAD_N2_PRG1,,SCA.PCS.9FQI671003_TOT.TOTALISER.PERIOD_OLD_A[1],TONNES,28-MAY-2026
204,CR ONLY,STRM_DAY_STREAM_MEAS_GAS,GRS_MASS_GAS,HP Wet/Cold Flare Header Nitrogen Purge 2,HP_WET_COLD_FLARE_HEAD_N2_PRG2,,9FQI671011_TOT.TOTALISER.PERIOD_OLD_A[1],,04-JAN-2026
205,CR ONLY,STRM_DAY_STREAM_MEAS_GAS,GRS_MASS_GAS,HP Wet/Cold Flare Header Nitrogen Purge 2,HP_WET_COLD_FLARE_HEAD_N2_PRG2,,SCA.PCS.9FQI671011_TOT.TOTALISER.PERIOD_OLD_A[1],TONNES,28-MAY-2026
206,CR ONLY,STRM_DAY_STREAM_MEAS_GAS,GRS_MASS_GAS,HP Wet/Cold Flare Header Nitrogen Purge 3,HP_WET_COLD_FLARE_HEAD_N2_PRG3,,9FQI671013_TOT.TOTALISER.PERIOD_OLD_A[1],,04-JAN-2026
207,CR ONLY,STRM_DAY_STREAM_MEAS_GAS,GRS_MASS_GAS,HP Wet/Cold Flare Header Nitrogen Purge 3,HP_WET_COLD_FLARE_HEAD_N2_PRG3,,SCA.PCS.9FQI671013_TOT.TOTALISER.PERIOD_OLD_A[1],TONNES,28-MAY-2026
208,CR ONLY,STRM_DAY_STREAM_MEAS_GAS,GRS_MASS_GAS,HP Wet/Cold Flare Header Nitrogen Purge 4,HP_WET_COLD_FLARE_HEAD_N2_PRG4,,9FQI671015_TOT.TOTALISER.PERIOD_OLD_A[1],,04-JAN-2026
209,CR ONLY,STRM_DAY_STREAM_MEAS_GAS,GRS_MASS_GAS,HP Wet/Cold Flare Header Nitrogen Purge 4,HP_WET_COLD_FLARE_HEAD_N2_PRG4,,SCA.PCS.9FQI671015_TOT.TOTALISER.PERIOD_OLD_A[1],TONNES,28-MAY-2026
210,CR ONLY,STRM_DAY_STREAM_MEAS_GAS,GRS_MASS_GAS,HP Wet/Warm Flare Header Nitrogen Purge 1,HP_WET_WARM_FLARE_HEAD_N2_PRG1,,9FQI671004_TOT.TOTALISER.PERIOD_OLD_A[1],,04-JAN-2026
211,CR ONLY,STRM_DAY_STREAM_MEAS_GAS,GRS_MASS_GAS,HP Wet/Warm Flare Header Nitrogen Purge 1,HP_WET_WARM_FLARE_HEAD_N2_PRG1,,SCA.PCS.9FQI671004_TOT.TOTALISER.PERIOD_OLD_A[1],TONNES,28-MAY-2026
212,CR ONLY,STRM_DAY_STREAM_MEAS_GAS,GRS_MASS_GAS,Inlet Separator 1 Gas Outlet,INLET_SEP_1_GAS_OUTLET,,1FQI200001_TOT.TOTALISER.PERIOD_OLD_A[1],,04-JAN-2026
213,CR ONLY,STRM_DAY_STREAM_MEAS_GAS,GRS_MASS_GAS,Inlet Separator 1 Gas Outlet,INLET_SEP_1_GAS_OUTLET,,SCA.PCS.1FQI200001_TOT.TOTALISER.PERIOD_OLD_A[1],TONNES,28-MAY-2026
214,CR ONLY,STRM_DAY_STREAM_MEAS_GAS,GRS_MASS_GAS,Inlet Separator 1 Gas Recycle,INLET_SEP_1_GAS_RECYCLE,,1FQI200003_TOT.TOTALISER.PERIOD_OLD_A[1],,04-JAN-2026
215,CR ONLY,STRM_DAY_STREAM_MEAS_GAS,GRS_MASS_GAS,Inlet Separator 1 Gas Recycle,INLET_SEP_1_GAS_RECYCLE,,SCA.PCS.1FQI200003_TOT.TOTALISER.PERIOD_OLD_A[1],TONNES,28-MAY-2026
216,CR ONLY,STRM_DAY_STREAM_MEAS_GAS,GRS_MASS_GAS,Inlet Separator 2 Gas Outlet,INLET_SEP_2_GAS_OUTLET,,2FQI200001_TOT.TOTALISER.PERIOD_OLD_A[1],,04-JAN-2026
217,CR ONLY,STRM_DAY_STREAM_MEAS_GAS,GRS_MASS_GAS,Inlet Separator 2 Gas Outlet,INLET_SEP_2_GAS_OUTLET,,SCA.PCS.2FQI200001_TOT.TOTALISER.PERIOD_OLD_A[1],TONNES,28-MAY-2026
218,CR ONLY,STRM_DAY_STREAM_MEAS_GAS,GRS_MASS_GAS,Inlet Separator 2 Gas Recycle,INLET_SEP_2_GAS_RECYCLE,,2FQI200003_TOT.TOTALISER.PERIOD_OLD_A[1],,04-JAN-2026
219,CR ONLY,STRM_DAY_STREAM_MEAS_GAS,GRS_MASS_GAS,Inlet Separator 2 Gas Recycle,INLET_SEP_2_GAS_RECYCLE,,SCA.PCS.2FQI200003_TOT.TOTALISER.PERIOD_OLD_A[1],TONNES,28-MAY-2026
220,CR ONLY,STRM_DAY_STREAM_MEAS_GAS,GRS_MASS_GAS,Inlet Separator 3 Gas Outlet,INLET_SEP_3_GAS_OUTLET,,3FQI200001_TOT.TOTALISER.PERIOD_OLD_A[1],,04-JAN-2026
221,CR ONLY,STRM_DAY_STREAM_MEAS_GAS,GRS_MASS_GAS,Inlet Separator 3 Gas Outlet,INLET_SEP_3_GAS_OUTLET,,SCA.PCS.3FQI200001_TOT.TOTALISER.PERIOD_OLD_A[1],TONNES,28-MAY-2026
222,CR ONLY,STRM_DAY_STREAM_MEAS_GAS,GRS_MASS_GAS,Inlet Separator 3 Gas Recycle,INLET_SEP_3_GAS_RECYCLE,,3FQI200003_TOT.TOTALISER.PERIOD_OLD_A[1],,04-JAN-2026
223,CR ONLY,STRM_DAY_STREAM_MEAS_GAS,GRS_MASS_GAS,Inlet Separator 3 Gas Recycle,INLET_SEP_3_GAS_RECYCLE,,SCA.PCS.3FQI200003_TOT.TOTALISER.PERIOD_OLD_A[1],TONNES,28-MAY-2026
224,CR ONLY,STRM_DAY_STREAM_MEAS_GAS,GRS_MASS_GAS,LNG Train 1 Techmax,LNG_TRAIN_1_TECHMAX,,PGP.114FY012T.DACA.PV,TONNES,26-MAY-2026
225,CR ONLY,STRM_DAY_STREAM_MEAS_GAS,GRS_MASS_GAS,LP FLASH GAS TO 1K2001,LP_FLASH_GAS_1K2001,,PGP.120FT012A_TOTS.PREV_DAY_MASS.PV,TONNES,26-MAY-2026
226,CR ONLY,STRM_DAY_STREAM_MEAS_GAS,GRS_MASS_GAS,LP FLASH GAS TO 2K2001,LP_FLASH_GAS_2K2001,,PGP.120FT012B_TOTS.PREV_DAY_MASS.PV,TONNES,26-MAY-2026
227,CR ONLY,STRM_DAY_STREAM_MEAS_GAS,GRS_MASS_GAS,LP Flare Header Nitrogen Purge 1,LP_FLARE_HEAD_N2_PRG1,,9FQI672006_TOT.TOTALISER.PERIOD_OLD_A[1],,04-JAN-2026
228,CR ONLY,STRM_DAY_STREAM_MEAS_GAS,GRS_MASS_GAS,LP Flare Header Nitrogen Purge 1,LP_FLARE_HEAD_N2_PRG1,,SCA.PCS.9FQI672006_TOT.TOTALISER.PERIOD_OLD_A[1],TONNES,28-MAY-2026
229,CR ONLY,STRM_DAY_STREAM_MEAS_GAS,GRS_MASS_GAS,LP Flare Header Nitrogen Purge 2,LP_FLARE_HEAD_N2_PRG2,,9FQI672007_TOT.TOTALISER.PERIOD_OLD_A[1],,04-JAN-2026
230,CR ONLY,STRM_DAY_STREAM_MEAS_GAS,GRS_MASS_GAS,LP Flare Header Nitrogen Purge 2,LP_FLARE_HEAD_N2_PRG2,,SCA.PCS.9FQI672007_TOT.TOTALISER.PERIOD_OLD_A[1],TONNES,28-MAY-2026
231,CR ONLY,STRM_DAY_STREAM_MEAS_GAS,GRS_MASS_GAS,LP Flare Header Nitrogen Purge 3,LP_FLARE_HEAD_N2_PRG3,,9FQI672008_TOT.TOTALISER.PERIOD_OLD_A[1],,04-JAN-2026
232,CR ONLY,STRM_DAY_STREAM_MEAS_GAS,GRS_MASS_GAS,LP Flare Header Nitrogen Purge 3,LP_FLARE_HEAD_N2_PRG3,,SCA.PCS.9FQI672008_TOT.TOTALISER.PERIOD_OLD_A[1],TONNES,28-MAY-2026
233,CR ONLY,STRM_DAY_STREAM_MEAS_GAS,GRS_MASS_GAS,LP Flare Header Nitrogen Purge 4,LP_FLARE_HEAD_N2_PRG4,,9FQI640627_TOT.TOTALISER.PERIOD_OLD_A[1],,04-JAN-2026
234,CR ONLY,STRM_DAY_STREAM_MEAS_GAS,GRS_MASS_GAS,LP Flare Header Nitrogen Purge 4,LP_FLARE_HEAD_N2_PRG4,,SCA.PCS.9FQI640627_TOT.TOTALISER.PERIOD_OLD_A[1],TONNES,28-MAY-2026
235,CR ONLY,STRM_DAY_STREAM_MEAS_GAS,GRS_MASS_GAS,LP Flare from LP Fuel Gas Header 1,LP_FLARE_LP_FUEL_GAS_HEAD1,,9FQI672002_TOT.TOTALISER.PERIOD_OLD_A[1],,04-JAN-2026
236,CR ONLY,STRM_DAY_STREAM_MEAS_GAS,GRS_MASS_GAS,LP Flare from LP Fuel Gas Header 1,LP_FLARE_LP_FUEL_GAS_HEAD1,,SCA.PCS.9FQI672002_TOT.TOTALISER.PERIOD_OLD_A[1],TONNES,28-MAY-2026
237,CR ONLY,STRM_DAY_STREAM_MEAS_GAS,GRS_MASS_GAS,LP Flare from LP Fuel Gas Header 2,LP_FLARE_LP_FUEL_GAS_HEAD2,,9FQI672009_TOT.TOTALISER.PERIOD_OLD_A[1],,04-JAN-2026
238,CR ONLY,STRM_DAY_STREAM_MEAS_GAS,GRS_MASS_GAS,LP Flare from LP Fuel Gas Header 2,LP_FLARE_LP_FUEL_GAS_HEAD2,,SCA.PCS.9FQI672009_TOT.TOTALISER.PERIOD_OLD_A[1],TONNES,28-MAY-2026
239,CR ONLY,STRM_DAY_STREAM_MEAS_GAS,GRS_MASS_GAS,LP Flare from LP Fuel Gas Header 3,LP_FLARE_LP_FUEL_GAS_HEAD3,,9FQI640628_TOT.TOTALISER.PERIOD_OLD_A[1],,04-JAN-2026
240,CR ONLY,STRM_DAY_STREAM_MEAS_GAS,GRS_MASS_GAS,LP Flare from LP Fuel Gas Header 3,LP_FLARE_LP_FUEL_GAS_HEAD3,,SCA.PCS.9FQI640628_TOT.TOTALISER.PERIOD_OLD_A[1],TONNES,28-MAY-2026
241,CR ONLY,STRM_DAY_STREAM_MEAS_GAS,GRS_MASS_GAS,LPG ReInj to E1405A,LPG_REINJ_E1405A,,PGP.114FT077_TOTS.PREV_DAY_MASS.PV,TONNES,26-MAY-2026
242,CR ONLY,STRM_DAY_STREAM_MEAS_GAS,GRS_MASS_GAS,LPG ReInj to E1405B,LPG_REINJ_E1405B,,PGP.114FT079_TOTS.PREV_DAY_MASS.PV,TONNES,26-MAY-2026
243,CR ONLY,STRM_DAY_STREAM_MEAS_GAS,GRS_MASS_GAS,LPG ReInj to V1401,LPG_REINJ_V1401,,PGP.114FE150_TOTS.PREV_DAY_MASS.PV,TONNES,26-MAY-2026
244,CR ONLY,STRM_DAY_STREAM_MEAS_GAS,GRS_MASS_GAS,MP Fuel Gas - Main Power Generator 1,HP_FUEL_GAS_MAIN_PWR_COMP_1,,SCA.PCS.9FQI541701.TOTALIZER.PV,TONNES,28-MAY-2026
245,CR ONLY,STRM_DAY_STREAM_MEAS_GAS,GRS_MASS_GAS,MP Fuel Gas - Main Power Generator 2,HP_FUEL_GAS_MAIN_PWR_COMP_2,,SCA.PCS.9FQI541801.TOTALIZER.PV,TONNES,28-MAY-2026
246,CR ONLY,STRM_DAY_STREAM_MEAS_GAS,GRS_MASS_GAS,MP Fuel Gas - Main Power Generator 3,HP_FUEL_GAS_MAIN_PWR_COMP_3,,SCA.PCS.9FQI541901.TOTALIZER.PV,TONNES,28-MAY-2026
247,CR ONLY,STRM_DAY_STREAM_MEAS_GAS,GRS_MASS_GAS,MP Fuel Gas to GT4001,FUEL_GAS_MP_TO_GT4001,,PGP.401FE001_TOTS.PREV_DAY_MASS.PV,TONNES,26-MAY-2026
248,CR ONLY,STRM_DAY_STREAM_MEAS_GAS,GRS_MASS_GAS,MP Fuel Gas to GT4002,FUEL_GAS_MP_TO_GT4002,,PGP.402FE001_TOTS.PREV_DAY_MASS.PV,TONNES,26-MAY-2026
249,CR ONLY,STRM_DAY_STREAM_MEAS_GAS,GRS_MASS_GAS,MP Fuel Gas to GT4003,FUEL_GAS_MP_TO_GT4003,,PGP.403FE001_TOTS.PREV_DAY_MASS.PV,TONNES,26-MAY-2026
250,CR ONLY,STRM_DAY_STREAM_MEAS_GAS,GRS_MASS_GAS,MP Fuel Gas to GT4004,FUEL_GAS_MP_TO_GT4004,,PGP.404FE001_TOTS.PREV_DAY_MASS.PV,TONNES,26-MAY-2026
251,CR ONLY,STRM_DAY_STREAM_MEAS_GAS,GRS_MASS_GAS,Offshore Flare Gas,FLARE_GAS_OFFSHORE,,PRP.00FI062040_CALC.DACA.PV,KGPERHR,26-MAY-2026
252,CR ONLY,STRM_DAY_STREAM_MEAS_GAS,GRS_MASS_GAS,Offshore Fuel Gas,FUEL_GAS_OFFSHORE,,PRP.00FI044113.DACA.PV,KGPERHR,26-MAY-2026
253,CR ONLY,STRM_DAY_STREAM_MEAS_GAS,GRS_MASS_GAS,Pipeline (Domestic) Export Gas,PG_EXPORT_GAS,,PT2.0FQI63024MB1_F.DACA.PV,TONNES,04-JAN-2026
254,CR ONLY,STRM_DAY_STREAM_MEAS_GAS,GRS_MASS_GAS,Pipeline Gas Import,PG_IMPORT,,PAS.PGP_ZERO_TAG-COPY-4,,26-MAY-2026
255,CR ONLY,STRM_DAY_STREAM_MEAS_GAS,GRS_MASS_GAS,Pluto Inlet Gas,PLU_INLET_GAS,,PGP.10FQI107.PV,TONNES,26-MAY-2026
256,CR ONLY,STRM_DAY_STREAM_MEAS_GAS,GRS_MASS_GAS,Pluto NWS Interconnector Liquids Disposal,PNI_LIQ_DISPOSAL,,PGP.62FT053_TOTS.PREV_DAY_MASS.PV,TONNES,26-MAY-2026
257,CR ONLY,STRM_DAY_STREAM_MEAS_GAS,GRS_MASS_GAS,Pluto Onshore Facilities Fuel Gas PRS Run 1,FOUND_FUEL_GAS_PRS_R1,,PGP.10FE014_TOTS.PREV_DAY_MASS.PV,TONNES,26-MAY-2026
258,CR ONLY,STRM_DAY_STREAM_MEAS_GAS,GRS_MASS_GAS,Pluto Onshore Facilities Fuel Gas PRS Run 2,FOUND_FUEL_GAS_PRS_R2,,PGP.10FE013_TOTS.PREV_DAY_MASS.PV,TONNES,26-MAY-2026
259,CR ONLY,STRM_DAY_STREAM_MEAS_GAS,GRS_MASS_GAS,Pluto Onshore Facilities PRS Run 1,FOUND_PRS_R1,,PGP.10FE001_TOTS.PREV_DAY_MASS.PV,TONNES,26-MAY-2026
260,CR ONLY,STRM_DAY_STREAM_MEAS_GAS,GRS_MASS_GAS,Pluto Onshore Facilities PRS Run 2,FOUND_PRS_R2,,PGP.10FE004_TOTS.PREV_DAY_MASS.PV,TONNES,26-MAY-2026
261,CR ONLY,STRM_DAY_STREAM_MEAS_GAS,GRS_MASS_GAS,Pluto Onshore Facilities PRS Run 3,FOUND_PRS_R3,,PGP.10FE005_TOTS.PREV_DAY_MASS.PV,TONNES,26-MAY-2026
262,CR ONLY,STRM_DAY_STREAM_MEAS_GAS,GRS_MASS_GAS,Pluto Onshore Facilities PRS Run 4,FOUND_PRS_R4,,PGP.10FE006_TOTS.PREV_DAY_MASS.PV,TONNES,26-MAY-2026
263,CR ONLY,STRM_DAY_STREAM_MEAS_GAS,GRS_MASS_GAS,Pluto Onshore Facilities PRS Run 5,FOUND_PRS_R5,,PGP.10FE019_TOTS.PREV_DAY_MASS.PV,TONNES,26-MAY-2026
264,CR ONLY,STRM_DAY_STREAM_MEAS_GAS,GRS_MASS_GAS,Pluto Onshore Facilities PRS Run 6,FOUND_PRS_R6,,PGP.10FE020_TOTS.PREV_DAY_MASS.PV,TONNES,26-MAY-2026
265,CR ONLY,STRM_DAY_STREAM_MEAS_GAS,GRS_MASS_GAS,Pluto to Pipeline Gas Facilities,PLU_TO_PG_FCTY,,PT2.0FQI63012MB.DACA.PV,TONNES,26-MAY-2026
266,CR ONLY,STRM_DAY_STREAM_MEAS_GAS,GRS_MASS_GAS,Pluto-NWS Interconnector Export,PNI_EXPORT,,PGP.56FQ200D.PV,,26-MAY-2026
267,CR ONLY,STRM_DAY_STREAM_MEAS_GAS,GRS_MASS_GAS,Pluto-NWS Interconnector Flare Gas,PLU_NWS_INT_CON_FLARE_GAS,,PGP.62FT001_TOTS.PREV_DAY_MASS.PV,TONNES,26-MAY-2026
268,CR ONLY,STRM_DAY_STREAM_MEAS_GAS,GRS_MASS_GAS,SCA UG Feed to Black Start and GTG Fuel Supply,SCA_FEED_TO_BLK_STRT_GTG_FS,,PT2.2FQI22010MB.DACA.PV,TONNES,26-MAY-2026
269,CR ONLY,STRM_DAY_STREAM_MEAS_GAS,GRS_MASS_GAS,SCA UG Feed to Pipeline (Domestic) Gas,SCA_FEED_TO_PG,,PT2.0FQI63067MB1.DACA.PV,TONNES,04-JAN-2026
270,CR ONLY,STRM_DAY_STREAM_MEAS_GAS,GRS_MASS_GAS,Scarborough to LNG Train 2,SCA_FEED_TO_T2,,PT2.2FQI11003MB.DACA.PV,TONNES,26-MAY-2026
271,CR ONLY,STRM_DAY_STREAM_MEAS_GAS,GRS_MASS_GAS,Scarborough to Pluto Onshore Facilities ex 1PK-1102,SCA_TO_PLU_ONSHORE_EX_1PK1102,,PT2.1FQI11062MB.DACA.PV,TONNES,26-MAY-2026
272,CR ONLY,STRM_DAY_STREAM_MEAS_GAS,GRS_MASS_GAS,Scarborough to Pluto Onshore Facilities ex 1PK-1103,SCA_TO_PLU_ONSHORE_EX_1PK1103,,PT2.1FQI11262MB.DACA.PV,TONNES,26-MAY-2026
273,CR ONLY,STRM_DAY_STREAM_MEAS_GAS,GRS_MASS_GAS,Storage and Loading Flare A,STOR_LOAD_FLARE_A,,PGP.62FT005_TOTS.PREV_DAY_MASS.PV,TONNES,26-MAY-2026
274,CR ONLY,STRM_DAY_STREAM_MEAS_GAS,GRS_MASS_GAS,Storage and Loading Flare B,STOR_LOAD_FLARE_B,,PGP.62FT006_TOTS.PREV_DAY_MASS.PV,TONNES,26-MAY-2026
275,CR ONLY,STRM_DAY_STREAM_MEAS_GAS,GRS_MASS_GAS,Total Facility Fuel Gas,TOT_FCTY_FUEL_GAS,,9FQI541011_TOT.TOTALISER.PERIOD_OLD_A[1],,04-JAN-2026
276,CR ONLY,STRM_DAY_STREAM_MEAS_GAS,GRS_MASS_GAS,Total Flare Pilot Gas,TOT_FLARE_PILOT_GAS,,SCA.PCS.9FQI541002.TOTALIZER.PV,TONNES,28-MAY-2026
277,CR ONLY,STRM_DAY_STREAM_MEAS_GAS,GRS_MASS_GAS,Total HP Flare Gas,TOT_HP_FLARE_GAS,,SCA.PCS.9FQI671005_TOT.TOTALISER.PERIOD_OLD_A[2],TONNES,28-MAY-2026
278,CR ONLY,STRM_DAY_STREAM_MEAS_GAS,GRS_MASS_GAS,Total LP Flare Gas,TOT_LP_FLARE_GAS,,SCA.PCS.9FQI672003_TOT.TOTALISER.PERIOD_OLD_A[2],TONNES,28-MAY-2026
279,CR ONLY,STRM_DAY_STREAM_MEAS_GAS,GRS_MASS_GAS,Total Production Flowline Repressurisation,TOT_PROD_FLOWLINE_REPRESS,,9FQI541012_TOT.TOTALISER.PERIOD_OLD_A[1],,04-JAN-2026
280,CR ONLY,STRM_DAY_STREAM_MEAS_GAS,GRS_MASS_GAS,Total Production Flowline Repressurisation,TOT_PROD_FLOWLINE_REPRESS,,SCA.PCS.9FQI541012_TOT.TOTALISER.PERIOD_OLD_A[1],TONNES,28-MAY-2026
281,CR ONLY,STRM_DAY_STREAM_MEAS_GAS,GRS_MASS_GAS,Train 1 HP N2 Vent,VENT_T1_HP_N2,,PGP.TOT_NRU_HP_N2_ATM_YDAY.DACA.PV,TONNES,26-MAY-2026
282,CR ONLY,STRM_DAY_STREAM_MEAS_GAS,GRS_MASS_GAS,Train 1 LNG Rundown,T1_LNG_RUNDOWN,,PGP.114FE012_TOTS.PREV_DAY_MASS.PV,TONNES,26-MAY-2026
283,CR ONLY,STRM_DAY_STREAM_MEAS_GAS,GRS_MASS_GAS,Train 1 LP N2 Vent,VENT_T1_LP_N2,,PGP.TOT_NRU_LP_N2_ATM_YDAY.DACA.PV,TONNES,26-MAY-2026
284,CR ONLY,STRM_DAY_STREAM_MEAS_GAS,GRS_MASS_GAS,Train 2 Acid Gas,T2_ACID_GAS,,PT2.2FQI12083MB.DACA.PV,TONNES,26-MAY-2026
285,CR ONLY,STRM_DAY_STREAM_MEAS_GAS,GRS_MASS_GAS,Train 2 Acid Gas to Flare Warm Wet,T2_ACID_GAS_TO_WW_FLARE,,PAS.PGP_ZERO_TAG-COPY-32,,28-MAY-2026
286,CR ONLY,STRM_DAY_STREAM_MEAS_GAS,GRS_MASS_GAS,Train 2 Acid Gas to Oxidiser,T2_ACID_GAS_TO_OXDSR,,PAS.PGP_ZERO_TAG-COPY-38,,28-MAY-2026
287,CR ONLY,STRM_DAY_STREAM_MEAS_GAS,GRS_MASS_GAS,Train 2 Acid Gas to Safe Location,T2_ACID_GAS_TO_SAFE_LOC,,PAS.PGP_ZERO_TAG-COPY-35,,28-MAY-2026
288,CR ONLY,STRM_DAY_STREAM_MEAS_GAS,GRS_MASS_GAS,Train 2 BOG Return A,BOG_A_T2,,PT2.2FQI24071MB.DACA.PV,TONNES,04-JAN-2026
289,CR ONLY,STRM_DAY_STREAM_MEAS_GAS,GRS_MASS_GAS,Train 2 BOG Return B,BOG_B_T2,,PT2.2FQI24271MB.DACA.PV,TONNES,04-JAN-2026
290,CR ONLY,STRM_DAY_STREAM_MEAS_GAS,GRS_MASS_GAS,Train 2 Cold Blowdown Liquid to Flare,T2_COLD_BD_LIQ_TO_FLARE,,PT2.2FQI19294MB.DACA.PV,TONNES,26-MAY-2026
291,CR ONLY,STRM_DAY_STREAM_MEAS_GAS,GRS_MASS_GAS,Train 2 Dry Flare to Cold Dry Flare,T2_DF_TO_CD_FLARE,,PAS.PGP_ZERO_TAG-COPY-12,TONNES,26-MAY-2026
292,CR ONLY,STRM_DAY_STREAM_MEAS_GAS,GRS_MASS_GAS,Train 2 GTG Fuel Gas,T2_GTG_FUEL,,PT2.2FQI22250MB.DACA.PV,TONNES,26-MAY-2026
293,CR ONLY,STRM_DAY_STREAM_MEAS_GAS,GRS_MASS_GAS,Train 2 HP Fuel Gas to 2TC-1411,T2_HP_FUEL_TO_2TC1411,,PT2.2FQI22027MB.DACA.PV,TONNES,26-MAY-2026
294,CR ONLY,STRM_DAY_STREAM_MEAS_GAS,GRS_MASS_GAS,Train 2 HP Fuel Gas to 2TC-1421,T2_HP_FUEL_TO_2TC1421,,PT2.2FQI22028MB.DACA.PV,TONNES,26-MAY-2026
295,CR ONLY,STRM_DAY_STREAM_MEAS_GAS,GRS_MASS_GAS,Train 2 HP Fuel Gas to 2TC-1511,T2_HP_FUEL_TO_2TC1511,,PT2.2FQI22026MB.DACA.PV,TONNES,26-MAY-2026
296,CR ONLY,STRM_DAY_STREAM_MEAS_GAS,GRS_MASS_GAS,Train 2 HP Fuel Gas to 2TC-1521,T2_HP_FUEL_TO_2TC1521,,PT2.2FQI22025MB.DACA.PV,TONNES,26-MAY-2026
297,CR ONLY,STRM_DAY_STREAM_MEAS_GAS,GRS_MASS_GAS,Train 2 HP Fuel Gas to 2TC-1611,T2_HP_FUEL_TO_2TC1611,,PT2.2FQI22024MB.DACA.PV,TONNES,26-MAY-2026
298,CR ONLY,STRM_DAY_STREAM_MEAS_GAS,GRS_MASS_GAS,Train 2 HP Fuel Gas to 2TC-1621,T2_HP_FUEL_TO_2TC1621,,PT2.2FQI22023MB.DACA.PV,TONNES,26-MAY-2026
299,CR ONLY,STRM_DAY_STREAM_MEAS_GAS,GRS_MASS_GAS,Train 2 LNG Rundown,T2_LNG_RUNDOWN,,PT2.2FQI16270MB.DACA.PV,TONNES,04-JAN-2026
300,CR ONLY,STRM_DAY_STREAM_MEAS_GAS,GRS_MASS_GAS,Train 2 NRU,T2_NRU,,PT2.2FQI16104MB.DACA.PV,TONNES,26-MAY-2026
301,CR ONLY,STRM_DAY_STREAM_MEAS_GAS,GRS_MASS_GAS,Train 2 NRU to Cold Dry Flare,T2_NRU_TO_CD_FLARE,,PAS.PGP_ZERO_TAG-COPY-29,,28-MAY-2026
302,CR ONLY,STRM_DAY_STREAM_MEAS_GAS,GRS_MASS_GAS,Train 2 NRU to Oxidiser,T2_NRU_TO_OXDSR,,PAS.PGP_ZERO_TAG-COPY-26,,28-MAY-2026
303,CR ONLY,STRM_DAY_STREAM_MEAS_GAS,GRS_MASS_GAS,Train 2 NRU to Safe Location,T2_NRU_TO_SAFE_LOC,,PAS.PGP_ZERO_TAG-COPY-23,,28-MAY-2026
304,CR ONLY,STRM_DAY_STREAM_MEAS_GAS,GRS_MASS_GAS,Train 2 Wet Flare to Warm Wet Flare,T2_WET_FLARE_TO_WARM_WET_FLARE,,PT2.2FQI19293MB.DACA.PV,TONNES,26-MAY-2026
305,CR ONLY,STRM_DAY_STREAM_MEAS_GAS,GRS_MASS_GAS,U2000 to Warm Wet Flare,U2000_WW_FLARE,,PGP.WWF_STAB_COND_ALLOC.DACA.PV,TONNES,26-MAY-2026
306,CR ONLY,STRM_DAY_STREAM_MEAS_GAS,GRS_MASS_GAS,Vapour Return 1V2002,VR_1V2002,,PGP.120FE008_TOTS.PREV_DAY_MASS.PV,TONNES,26-MAY-2026
307,CR ONLY,STRM_DAY_STREAM_MEAS_GAS,GRS_MASS_GAS,Vapour Return 2V2002,VR_2V2002,,PGP.220FE008_TOTS.PREV_DAY_MASS.PV,TONNES,26-MAY-2026
308,CR ONLY,STRM_DAY_STREAM_MEAS_GAS,GRS_MASS_GAS,Warm Wet Vapour,WARM_WET_VAP,,PGP.62FT025_TOTS.PREV_DAY_MASS.PV,TONNES,26-MAY-2026
309,CR ONLY,STRM_DAY_STREAM_MEAS_GAS,GRS_MASS_GAS,Wet Hydrocarbon Vapour,HC_WET_VAP,,PGP.62FT027_TOTS.PREV_DAY_MASS.PV,TONNES,26-MAY-2026
310,CR ONLY,STRM_DAY_STREAM_MEAS_GAS,GRS_MASS_GAS,XEM - MEG Waste Gas Flowrate,MEG_WASTE_GAS_FLOWRATE,,PGP.112FE010_TOTS.PREV_DAY_MASS.PV,TONNES,26-MAY-2026
311,CR ONLY,STRM_DAY_STREAM_MEAS_GAS,GRS_MASS_GAS,XEM - Scarborough Fuel Gas back up to 2V2201,SCA_FUEL_TO_2V2201,,PT2.2FQI22008MB.DACA.PV,,28-MAY-2026
312,CR ONLY,STRM_DAY_STREAM_MEAS_GAS,GRS_VOL_GAS,BOG to Fuel Gas Booster Compressors,BOG_TO_FGB_COMP,,PGP.44FI020_TOTS.PREV_DAY_SVOL.PV,,26-MAY-2026
313,CR ONLY,STRM_DAY_STREAM_MEAS_GAS,GRS_VOL_GAS,Cold Dry Liquid,COLD_DRY_LIQUID,,PGP.62FT023_TOTS.PREV_DAY_SVOL.PV,,26-MAY-2026
314,CR ONLY,STRM_DAY_STREAM_MEAS_GAS,GRS_VOL_GAS,Cold Dry Vapour,COLD_DRY_VAPOUR,,PGP.62FT026_TOTS.PREV_DAY_SVOL.PV,,26-MAY-2026
315,CR ONLY,STRM_DAY_STREAM_MEAS_GAS,GRS_VOL_GAS,DBNGP Generator Fuel,DBNGP_GNRTR_FUEL,,PAS.PGP_ZERO_TAG-COPY-6,,26-MAY-2026
316,CR ONLY,STRM_DAY_STREAM_MEAS_GAS,GRS_VOL_GAS,Facility Export Gas,FCTY_EXPORT_GAS,,SCA.PCS.9FQI350004_TOT.TOTALISER.PERIOD_OLD_A[3],,28-MAY-2026
317,CR ONLY,STRM_DAY_STREAM_MEAS_GAS,GRS_VOL_GAS,Flash Gas to Train 2 RTO,FLASH_TO_T2_RTO,,PT2.2FQI12381VB.DACA.PV,,28-MAY-2026
318,CR ONLY,STRM_DAY_STREAM_MEAS_GAS,GRS_VOL_GAS,Fuel Gas to Train 1 RTO Pilots,FUEL_TO_T1_RTO_PILOT,,PAS.PGP_ZERO_TAG-COPY-1,,26-MAY-2026
319,CR ONLY,STRM_DAY_STREAM_MEAS_GAS,GRS_VOL_GAS,Gas to 1E1402,GAS_TO_1E1402,,PGP.114FE053_TOTS.PREV_DAY_SVOL.PV,,26-MAY-2026
320,CR ONLY,STRM_DAY_STREAM_MEAS_GAS,GRS_VOL_GAS,HP Dry/Cold Flare Header Nitrogen Purge 1,HP_DRY_COLD_FLARE_HEAD_N2_PRG1,,9FQI671006_TOT.TOTALISER.PERIOD_OLD_A[2],,04-JAN-2026
321,CR ONLY,STRM_DAY_STREAM_MEAS_GAS,GRS_VOL_GAS,HP Dry/Cold Flare Header Nitrogen Purge 1,HP_DRY_COLD_FLARE_HEAD_N2_PRG1,,SCA.PCS.9FQI671006_TOT.TOTALISER.PERIOD_OLD_A[2],,28-MAY-2026
322,CR ONLY,STRM_DAY_STREAM_MEAS_GAS,GRS_VOL_GAS,HP Dry/Cold Flare Header Nitrogen Purge 2,HP_DRY_COLD_FLARE_HEAD_N2_PRG2,,9FQI671017_TOT.TOTALISER.PERIOD_OLD_A[2],,04-JAN-2026
323,CR ONLY,STRM_DAY_STREAM_MEAS_GAS,GRS_VOL_GAS,HP Dry/Cold Flare Header Nitrogen Purge 2,HP_DRY_COLD_FLARE_HEAD_N2_PRG2,,SCA.PCS.9FQI671017_TOT.TOTALISER.PERIOD_OLD_A[2],,28-MAY-2026
324,CR ONLY,STRM_DAY_STREAM_MEAS_GAS,GRS_VOL_GAS,HP Flare from LP Fuel Gas Header 1,HP_FLARE_LP_FUEL_GAS_HEAD1,,9FQI671018_TOT.TOTALISER.PERIOD_OLD_A[2],,04-JAN-2026
325,CR ONLY,STRM_DAY_STREAM_MEAS_GAS,GRS_VOL_GAS,HP Flare from LP Fuel Gas Header 1,HP_FLARE_LP_FUEL_GAS_HEAD1,,SCA.PCS.9FQI671018_TOT.TOTALISER.PERIOD_OLD_A[2],,28-MAY-2026
326,CR ONLY,STRM_DAY_STREAM_MEAS_GAS,GRS_VOL_GAS,HP Fuel Gas - Export Gas Compressor 1,HP_FUEL_GAS_EXP_GAS_COMP_1,,SCA.PCS.9FQI541039_SVOL.TOTALIZER.PV,,28-MAY-2026
327,CR ONLY,STRM_DAY_STREAM_MEAS_GAS,GRS_VOL_GAS,HP Fuel Gas - Export Gas Compressor 2,HP_FUEL_GAS_EXP_GAS_COMP_2,,SCA.PCS.9FQI541040_SVOL.TOTALIZER.PV,,28-MAY-2026
328,CR ONLY,STRM_DAY_STREAM_MEAS_GAS,GRS_VOL_GAS,HP Fuel Gas - Export Gas Compressor 3,HP_FUEL_GAS_EXP_GAS_COMP_3,,SCA.PCS.9FQI541041_SVOL.TOTALIZER.PV,,28-MAY-2026
329,CR ONLY,STRM_DAY_STREAM_MEAS_GAS,GRS_VOL_GAS,HP Fuel Gas to 1KT1410,FUEL_GAS_HP_TO_1KT1410,,PGP.114FT058_TOTS.PREV_DAY_SVOL.PV,,26-MAY-2026
330,CR ONLY,STRM_DAY_STREAM_MEAS_GAS,GRS_VOL_GAS,HP Fuel Gas to 1KT1430,FUEL_GAS_HP_TO_1KT1430,,PGP.114FT059_TOTS.PREV_DAY_SVOL.PV,,26-MAY-2026
331,CR ONLY,STRM_DAY_STREAM_MEAS_GAS,GRS_VOL_GAS,HP Wet/Cold Flare Header Nitrogen Purge 1,HP_WET_COLD_FLARE_HEAD_N2_PRG1,,9FQI671003_TOT.TOTALISER.PERIOD_OLD_A[2],,04-JAN-2026
332,CR ONLY,STRM_DAY_STREAM_MEAS_GAS,GRS_VOL_GAS,HP Wet/Cold Flare Header Nitrogen Purge 1,HP_WET_COLD_FLARE_HEAD_N2_PRG1,,SCA.PCS.9FQI671003_TOT.TOTALISER.PERIOD_OLD_A[2],,28-MAY-2026
333,CR ONLY,STRM_DAY_STREAM_MEAS_GAS,GRS_VOL_GAS,HP Wet/Cold Flare Header Nitrogen Purge 2,HP_WET_COLD_FLARE_HEAD_N2_PRG2,,9FQI671011_TOT.TOTALISER.PERIOD_OLD_A[2],,04-JAN-2026
334,CR ONLY,STRM_DAY_STREAM_MEAS_GAS,GRS_VOL_GAS,HP Wet/Cold Flare Header Nitrogen Purge 2,HP_WET_COLD_FLARE_HEAD_N2_PRG2,,SCA.PCS.9FQI671011_TOT.TOTALISER.PERIOD_OLD_A[2],,28-MAY-2026
335,CR ONLY,STRM_DAY_STREAM_MEAS_GAS,GRS_VOL_GAS,HP Wet/Cold Flare Header Nitrogen Purge 3,HP_WET_COLD_FLARE_HEAD_N2_PRG3,,9FQI671013_TOT.TOTALISER.PERIOD_OLD_A[2],,04-JAN-2026
336,CR ONLY,STRM_DAY_STREAM_MEAS_GAS,GRS_VOL_GAS,HP Wet/Cold Flare Header Nitrogen Purge 3,HP_WET_COLD_FLARE_HEAD_N2_PRG3,,SCA.PCS.9FQI671013_TOT.TOTALISER.PERIOD_OLD_A[2],,28-MAY-2026
337,CR ONLY,STRM_DAY_STREAM_MEAS_GAS,GRS_VOL_GAS,HP Wet/Cold Flare Header Nitrogen Purge 4,HP_WET_COLD_FLARE_HEAD_N2_PRG4,,9FQI671015_TOT.TOTALISER.PERIOD_OLD_A[2],,04-JAN-2026
338,CR ONLY,STRM_DAY_STREAM_MEAS_GAS,GRS_VOL_GAS,HP Wet/Cold Flare Header Nitrogen Purge 4,HP_WET_COLD_FLARE_HEAD_N2_PRG4,,SCA.PCS.9FQI671015_TOT.TOTALISER.PERIOD_OLD_A[2],,28-MAY-2026
339,CR ONLY,STRM_DAY_STREAM_MEAS_GAS,GRS_VOL_GAS,HP Wet/Warm Flare Header Nitrogen Purge 1,HP_WET_WARM_FLARE_HEAD_N2_PRG1,,9FQI671004_TOT.TOTALISER.PERIOD_OLD_A[2],,04-JAN-2026
340,CR ONLY,STRM_DAY_STREAM_MEAS_GAS,GRS_VOL_GAS,HP Wet/Warm Flare Header Nitrogen Purge 1,HP_WET_WARM_FLARE_HEAD_N2_PRG1,,SCA.PCS.9FQI671004_TOT.TOTALISER.PERIOD_OLD_A[2],,28-MAY-2026
341,CR ONLY,STRM_DAY_STREAM_MEAS_GAS,GRS_VOL_GAS,Inlet Separator 1 Gas Outlet,INLET_SEP_1_GAS_OUTLET,,1FQI200001_TOT.TOTALISER.PERIOD_OLD_A[2],,04-JAN-2026
342,CR ONLY,STRM_DAY_STREAM_MEAS_GAS,GRS_VOL_GAS,Inlet Separator 1 Gas Outlet,INLET_SEP_1_GAS_OUTLET,,SCA.PCS.1FQI200001_TOT.TOTALISER.PERIOD_OLD_A[2],,28-MAY-2026
343,CR ONLY,STRM_DAY_STREAM_MEAS_GAS,GRS_VOL_GAS,Inlet Separator 1 Gas Recycle,INLET_SEP_1_GAS_RECYCLE,,1FQI200003_TOT.TOTALISER.PERIOD_OLD_A[2],,04-JAN-2026
344,CR ONLY,STRM_DAY_STREAM_MEAS_GAS,GRS_VOL_GAS,Inlet Separator 1 Gas Recycle,INLET_SEP_1_GAS_RECYCLE,,SCA.PCS.1FQI200003_TOT.TOTALISER.PERIOD_OLD_A[2],,28-MAY-2026
345,CR ONLY,STRM_DAY_STREAM_MEAS_GAS,GRS_VOL_GAS,Inlet Separator 2 Gas Outlet,INLET_SEP_2_GAS_OUTLET,,2FQI200001_TOT.TOTALISER.PERIOD_OLD_A[2],,04-JAN-2026
346,CR ONLY,STRM_DAY_STREAM_MEAS_GAS,GRS_VOL_GAS,Inlet Separator 2 Gas Outlet,INLET_SEP_2_GAS_OUTLET,,SCA.PCS.2FQI200001_TOT.TOTALISER.PERIOD_OLD_A[2],,28-MAY-2026
347,CR ONLY,STRM_DAY_STREAM_MEAS_GAS,GRS_VOL_GAS,Inlet Separator 2 Gas Recycle,INLET_SEP_2_GAS_RECYCLE,,2FQI200003_TOT.TOTALISER.PERIOD_OLD_A[2],,04-JAN-2026
348,CR ONLY,STRM_DAY_STREAM_MEAS_GAS,GRS_VOL_GAS,Inlet Separator 2 Gas Recycle,INLET_SEP_2_GAS_RECYCLE,,SCA.PCS.2FQI200003_TOT.TOTALISER.PERIOD_OLD_A[2],,28-MAY-2026
349,CR ONLY,STRM_DAY_STREAM_MEAS_GAS,GRS_VOL_GAS,Inlet Separator 3 Gas Outlet,INLET_SEP_3_GAS_OUTLET,,3FQI200001_TOT.TOTALISER.PERIOD_OLD_A[2],,04-JAN-2026
350,CR ONLY,STRM_DAY_STREAM_MEAS_GAS,GRS_VOL_GAS,Inlet Separator 3 Gas Outlet,INLET_SEP_3_GAS_OUTLET,,SCA.PCS.3FQI200001_TOT.TOTALISER.PERIOD_OLD_A[2],,28-MAY-2026
351,CR ONLY,STRM_DAY_STREAM_MEAS_GAS,GRS_VOL_GAS,Inlet Separator 3 Gas Recycle,INLET_SEP_3_GAS_RECYCLE,,3FQI200003_TOT.TOTALISER.PERIOD_OLD_A[2],,04-JAN-2026
352,CR ONLY,STRM_DAY_STREAM_MEAS_GAS,GRS_VOL_GAS,Inlet Separator 3 Gas Recycle,INLET_SEP_3_GAS_RECYCLE,,SCA.PCS.3FQI200003_TOT.TOTALISER.PERIOD_OLD_A[2],,28-MAY-2026
353,CR ONLY,STRM_DAY_STREAM_MEAS_GAS,GRS_VOL_GAS,LP Flare Header Nitrogen Purge 1,LP_FLARE_HEAD_N2_PRG1,,9FQI672006_TOT.TOTALISER.PERIOD_OLD_A[2],,04-JAN-2026
354,CR ONLY,STRM_DAY_STREAM_MEAS_GAS,GRS_VOL_GAS,LP Flare Header Nitrogen Purge 1,LP_FLARE_HEAD_N2_PRG1,,SCA.PCS.9FQI672006_TOT.TOTALISER.PERIOD_OLD_A[2],,28-MAY-2026
355,CR ONLY,STRM_DAY_STREAM_MEAS_GAS,GRS_VOL_GAS,LP Flare Header Nitrogen Purge 2,LP_FLARE_HEAD_N2_PRG2,,9FQI672007_TOT.TOTALISER.PERIOD_OLD_A[2],,04-JAN-2026
356,CR ONLY,STRM_DAY_STREAM_MEAS_GAS,GRS_VOL_GAS,LP Flare Header Nitrogen Purge 2,LP_FLARE_HEAD_N2_PRG2,,SCA.PCS.9FQI672007_TOT.TOTALISER.PERIOD_OLD_A[2],,28-MAY-2026
357,CR ONLY,STRM_DAY_STREAM_MEAS_GAS,GRS_VOL_GAS,LP Flare Header Nitrogen Purge 3,LP_FLARE_HEAD_N2_PRG3,,9FQI672008_TOT.TOTALISER.PERIOD_OLD_A[2],,04-JAN-2026
358,CR ONLY,STRM_DAY_STREAM_MEAS_GAS,GRS_VOL_GAS,LP Flare Header Nitrogen Purge 3,LP_FLARE_HEAD_N2_PRG3,,SCA.PCS.9FQI672008_TOT.TOTALISER.PERIOD_OLD_A[2],,28-MAY-2026
359,CR ONLY,STRM_DAY_STREAM_MEAS_GAS,GRS_VOL_GAS,LP Flare Header Nitrogen Purge 4,LP_FLARE_HEAD_N2_PRG4,,9FQI640627_TOT.TOTALISER.PERIOD_OLD_A[2],,04-JAN-2026
360,CR ONLY,STRM_DAY_STREAM_MEAS_GAS,GRS_VOL_GAS,LP Flare Header Nitrogen Purge 4,LP_FLARE_HEAD_N2_PRG4,,SCA.PCS.9FQI640627_TOT.TOTALISER.PERIOD_OLD_A[2],,28-MAY-2026
361,CR ONLY,STRM_DAY_STREAM_MEAS_GAS,GRS_VOL_GAS,LP Flare from LP Fuel Gas Header 1,LP_FLARE_LP_FUEL_GAS_HEAD1,,9FQI672002_TOT.TOTALISER.PERIOD_OLD_A[2],,04-JAN-2026
362,CR ONLY,STRM_DAY_STREAM_MEAS_GAS,GRS_VOL_GAS,LP Flare from LP Fuel Gas Header 1,LP_FLARE_LP_FUEL_GAS_HEAD1,,SCA.PCS.9FQI672002_TOT.TOTALISER.PERIOD_OLD_A[2],,28-MAY-2026
363,CR ONLY,STRM_DAY_STREAM_MEAS_GAS,GRS_VOL_GAS,LP Flare from LP Fuel Gas Header 2,LP_FLARE_LP_FUEL_GAS_HEAD2,,9FQI672009_TOT.TOTALISER.PERIOD_OLD_A[2],,04-JAN-2026
364,CR ONLY,STRM_DAY_STREAM_MEAS_GAS,GRS_VOL_GAS,LP Flare from LP Fuel Gas Header 2,LP_FLARE_LP_FUEL_GAS_HEAD2,,SCA.PCS.9FQI672009_TOT.TOTALISER.PERIOD_OLD_A[2],,28-MAY-2026
365,CR ONLY,STRM_DAY_STREAM_MEAS_GAS,GRS_VOL_GAS,LP Flare from LP Fuel Gas Header 3,LP_FLARE_LP_FUEL_GAS_HEAD3,,9FQI640628_TOT.TOTALISER.PERIOD_OLD_A[2],,04-JAN-2026
366,CR ONLY,STRM_DAY_STREAM_MEAS_GAS,GRS_VOL_GAS,LP Flare from LP Fuel Gas Header 3,LP_FLARE_LP_FUEL_GAS_HEAD3,,SCA.PCS.9FQI640628_TOT.TOTALISER.PERIOD_OLD_A[2],,28-MAY-2026
367,CR ONLY,STRM_DAY_STREAM_MEAS_GAS,GRS_VOL_GAS,MP Fuel Gas - Main Power Generator 1,HP_FUEL_GAS_MAIN_PWR_COMP_1,,SCA.PCS.9FQI541701_SVOL.TOTALIZER.PV,,28-MAY-2026
368,CR ONLY,STRM_DAY_STREAM_MEAS_GAS,GRS_VOL_GAS,MP Fuel Gas - Main Power Generator 2,HP_FUEL_GAS_MAIN_PWR_COMP_2,,SCA.PCS.9FQI541801_SVOL.TOTALIZER.PV,,28-MAY-2026
369,CR ONLY,STRM_DAY_STREAM_MEAS_GAS,GRS_VOL_GAS,MP Fuel Gas - Main Power Generator 3,HP_FUEL_GAS_MAIN_PWR_COMP_3,,SCA.PCS.9FQI541901_SVOL.TOTALIZER.PV,,28-MAY-2026
370,CR ONLY,STRM_DAY_STREAM_MEAS_GAS,GRS_VOL_GAS,MP Fuel Gas to GT4001,FUEL_GAS_MP_TO_GT4001,,PGP.401FE001_TOTS.PREV_DAY_SVOL.PV,,26-MAY-2026
371,CR ONLY,STRM_DAY_STREAM_MEAS_GAS,GRS_VOL_GAS,MP Fuel Gas to GT4002,FUEL_GAS_MP_TO_GT4002,,PGP.402FE001_TOTS.PREV_DAY_SVOL.PV,,26-MAY-2026
372,CR ONLY,STRM_DAY_STREAM_MEAS_GAS,GRS_VOL_GAS,MP Fuel Gas to GT4003,FUEL_GAS_MP_TO_GT4003,,PGP.403FE001_TOTS.PREV_DAY_SVOL.PV,,26-MAY-2026
373,CR ONLY,STRM_DAY_STREAM_MEAS_GAS,GRS_VOL_GAS,MP Fuel Gas to GT4004,FUEL_GAS_MP_TO_GT4004,,PGP.404FE001_TOTS.PREV_DAY_SVOL.PV,,26-MAY-2026
374,CR ONLY,STRM_DAY_STREAM_MEAS_GAS,GRS_VOL_GAS,Pipeline (Domestic) Export Gas,PG_EXPORT_GAS,,PT2.0FQI63024VB1_F.DACA.PV,,04-JAN-2026
375,CR ONLY,STRM_DAY_STREAM_MEAS_GAS,GRS_VOL_GAS,Pipeline Gas Import,PG_IMPORT,,PAS.PGP_ZERO_TAG-COPY-3,,26-MAY-2026
376,CR ONLY,STRM_DAY_STREAM_MEAS_GAS,GRS_VOL_GAS,Pluto Inlet Gas,PLU_INLET_GAS,,PGP.10FQI106.PV,KSM3,26-MAY-2026
377,CR ONLY,STRM_DAY_STREAM_MEAS_GAS,GRS_VOL_GAS,Pluto NWS Interconnector Liquids Disposal,PNI_LIQ_DISPOSAL,,PGP.62FT053_TOTS.PREV_DAY_SVOL.PV,,26-MAY-2026
378,CR ONLY,STRM_DAY_STREAM_MEAS_GAS,GRS_VOL_GAS,Pluto Onshore Facilities PRS Run 1,FOUND_PRS_R1,,PGP.10FE001_TOTS.PREV_DAY_SVOL.PV,,26-MAY-2026
379,CR ONLY,STRM_DAY_STREAM_MEAS_GAS,GRS_VOL_GAS,Pluto Onshore Facilities PRS Run 2,FOUND_PRS_R2,,PGP.10FE004_TOTS.PREV_DAY_SVOL.PV,,26-MAY-2026
380,CR ONLY,STRM_DAY_STREAM_MEAS_GAS,GRS_VOL_GAS,Pluto Onshore Facilities PRS Run 3,FOUND_PRS_R3,,PGP.10FE005_TOTS.PREV_DAY_SVOL.PV,,26-MAY-2026
381,CR ONLY,STRM_DAY_STREAM_MEAS_GAS,GRS_VOL_GAS,Pluto Onshore Facilities PRS Run 4,FOUND_PRS_R4,,PGP.10FE006_TOTS.PREV_DAY_SVOL.PV,,26-MAY-2026
382,CR ONLY,STRM_DAY_STREAM_MEAS_GAS,GRS_VOL_GAS,Pluto Onshore Facilities PRS Run 5,FOUND_PRS_R5,,PGP.10FE019_TOTS.PREV_DAY_SVOL.PV,,26-MAY-2026
383,CR ONLY,STRM_DAY_STREAM_MEAS_GAS,GRS_VOL_GAS,Pluto Onshore Facilities PRS Run 6,FOUND_PRS_R6,,PGP.10FE020_TOTS.PREV_DAY_SVOL.PV,,26-MAY-2026
384,CR ONLY,STRM_DAY_STREAM_MEAS_GAS,GRS_VOL_GAS,Pluto-NWS Interconnector Export,PNI_EXPORT,,PGP.56FQ200A.PV,,26-MAY-2026
385,CR ONLY,STRM_DAY_STREAM_MEAS_GAS,GRS_VOL_GAS,Pluto-NWS Interconnector Flare Gas,PLU_NWS_INT_CON_FLARE_GAS,,PGP.62FT001_TOTS.PREV_DAY_SVOL.PV,,26-MAY-2026
386,CR ONLY,STRM_DAY_STREAM_MEAS_GAS,GRS_VOL_GAS,SCA UG Feed to Black Start and GTG Fuel Supply,SCA_FEED_TO_BLK_STRT_GTG_FS,,PT2.2FQI22010VB.DACA.PV,,26-MAY-2026
387,CR ONLY,STRM_DAY_STREAM_MEAS_GAS,GRS_VOL_GAS,SCA UG Feed to Pipeline (Domestic) Gas,SCA_FEED_TO_PG,,PT2.0FQI63067VB1.DACA.PV,,04-JAN-2026
388,CR ONLY,STRM_DAY_STREAM_MEAS_GAS,GRS_VOL_GAS,Scarborough to LNG Train 2,SCA_FEED_TO_T2,,PT2.2FQI11003VB.DACA.PV,,26-MAY-2026
389,CR ONLY,STRM_DAY_STREAM_MEAS_GAS,GRS_VOL_GAS,Scarborough to Pluto Onshore Facilities ex 1PK-1102,SCA_TO_PLU_ONSHORE_EX_1PK1102,,PT2.1FQI11062VB.DACA.PV,,26-MAY-2026
390,CR ONLY,STRM_DAY_STREAM_MEAS_GAS,GRS_VOL_GAS,Scarborough to Pluto Onshore Facilities ex 1PK-1103,SCA_TO_PLU_ONSHORE_EX_1PK1103,,PT2.1FQI11262VB.DACA.PV,,26-MAY-2026
391,CR ONLY,STRM_DAY_STREAM_MEAS_GAS,GRS_VOL_GAS,Storage and Loading Flare A,STOR_LOAD_FLARE_A,,PGP.62FT005_TOTS.PREV_DAY_SVOL.PV,,26-MAY-2026
392,CR ONLY,STRM_DAY_STREAM_MEAS_GAS,GRS_VOL_GAS,Storage and Loading Flare B,STOR_LOAD_FLARE_B,,PGP.62FT006_TOTS.PREV_DAY_SVOL.PV,,26-MAY-2026
393,CR ONLY,STRM_DAY_STREAM_MEAS_GAS,GRS_VOL_GAS,Total Facility Fuel Gas,TOT_FCTY_FUEL_GAS,,9FQI541011_TOT.TOTALISER.PERIOD_OLD_A[2],,04-JAN-2026
394,CR ONLY,STRM_DAY_STREAM_MEAS_GAS,GRS_VOL_GAS,Total Flare Pilot Gas,TOT_FLARE_PILOT_GAS,,SCA.PCS.9FQI541002_SVOL.TOTALIZER.PV,,28-MAY-2026
395,CR ONLY,STRM_DAY_STREAM_MEAS_GAS,GRS_VOL_GAS,Total HP Flare Gas,TOT_HP_FLARE_GAS,,SCA.PCS.9FQI671005_TOT.TOTALISER.PERIOD_OLD_A[3],,28-MAY-2026
396,CR ONLY,STRM_DAY_STREAM_MEAS_GAS,GRS_VOL_GAS,Total LP Flare Gas,TOT_LP_FLARE_GAS,,SCA.PCS.9FQI672003_TOT.TOTALISER.PERIOD_OLD_A[3],,28-MAY-2026
397,CR ONLY,STRM_DAY_STREAM_MEAS_GAS,GRS_VOL_GAS,Total Production Flowline Repressurisation,TOT_PROD_FLOWLINE_REPRESS,,9FQI541012_TOT.TOTALISER.PERIOD_OLD_A[2],,04-JAN-2026
398,CR ONLY,STRM_DAY_STREAM_MEAS_GAS,GRS_VOL_GAS,Total Production Flowline Repressurisation,TOT_PROD_FLOWLINE_REPRESS,,SCA.PCS.9FQI541012_TOT.TOTALISER.PERIOD_OLD_A[2],,28-MAY-2026
399,CR ONLY,STRM_DAY_STREAM_MEAS_GAS,GRS_VOL_GAS,Train 1 LNG Rundown,T1_LNG_RUNDOWN,,PGP.114FE012_TOTS.PREV_DAY_SVOL.PV,,26-MAY-2026
400,CR ONLY,STRM_DAY_STREAM_MEAS_GAS,GRS_VOL_GAS,Train 2 Acid Gas,T2_ACID_GAS,,PT2.2FQI12083VB.DACA.PV,,28-MAY-2026
401,CR ONLY,STRM_DAY_STREAM_MEAS_GAS,GRS_VOL_GAS,Train 2 Acid Gas to Flare Warm Wet,T2_ACID_GAS_TO_WW_FLARE,,PAS.PGP_ZERO_TAG-COPY-31,,28-MAY-2026
402,CR ONLY,STRM_DAY_STREAM_MEAS_GAS,GRS_VOL_GAS,Train 2 Acid Gas to Oxidiser,T2_ACID_GAS_TO_OXDSR,,PAS.PGP_ZERO_TAG-COPY-37,,28-MAY-2026
403,CR ONLY,STRM_DAY_STREAM_MEAS_GAS,GRS_VOL_GAS,Train 2 Acid Gas to Safe Location,T2_ACID_GAS_TO_SAFE_LOC,,PAS.PGP_ZERO_TAG-COPY-34,,28-MAY-2026
404,CR ONLY,STRM_DAY_STREAM_MEAS_GAS,GRS_VOL_GAS,Train 2 BOG Return A,BOG_A_T2,,PT2.2FQI24071VB.DACA.PV,,28-MAY-2026
405,CR ONLY,STRM_DAY_STREAM_MEAS_GAS,GRS_VOL_GAS,Train 2 BOG Return B,BOG_B_T2,,PT2.2FQI24271VB.DACA.PV,,28-MAY-2026
406,CR ONLY,STRM_DAY_STREAM_MEAS_GAS,GRS_VOL_GAS,Train 2 Dry Flare to Cold Dry Flare,T2_DF_TO_CD_FLARE,,PAS.PGP_ZERO_TAG-COPY-11,,26-MAY-2026
407,CR ONLY,STRM_DAY_STREAM_MEAS_GAS,GRS_VOL_GAS,Train 2 GTG Fuel Gas,T2_GTG_FUEL,,PT2.2FQI22250VB.DACA.PV,,28-MAY-2026
408,CR ONLY,STRM_DAY_STREAM_MEAS_GAS,GRS_VOL_GAS,Train 2 HP Fuel Gas to 2TC-1411,T2_HP_FUEL_TO_2TC1411,,PT2.2FQI22027VB.DACA.PV,,28-MAY-2026
409,CR ONLY,STRM_DAY_STREAM_MEAS_GAS,GRS_VOL_GAS,Train 2 HP Fuel Gas to 2TC-1421,T2_HP_FUEL_TO_2TC1421,,PT2.2FQI22028VB.DACA.PV,,28-MAY-2026
410,CR ONLY,STRM_DAY_STREAM_MEAS_GAS,GRS_VOL_GAS,Train 2 HP Fuel Gas to 2TC-1511,T2_HP_FUEL_TO_2TC1511,,PT2.2FQI22026VB.DACA.PV,,28-MAY-2026
411,CR ONLY,STRM_DAY_STREAM_MEAS_GAS,GRS_VOL_GAS,Train 2 HP Fuel Gas to 2TC-1521,T2_HP_FUEL_TO_2TC1521,,PT2.2FQI22025VB.DACA.PV,,28-MAY-2026
412,CR ONLY,STRM_DAY_STREAM_MEAS_GAS,GRS_VOL_GAS,Train 2 HP Fuel Gas to 2TC-1611,T2_HP_FUEL_TO_2TC1611,,PT2.2FQI22024VB.DACA.PV,,28-MAY-2026
413,CR ONLY,STRM_DAY_STREAM_MEAS_GAS,GRS_VOL_GAS,Train 2 HP Fuel Gas to 2TC-1621,T2_HP_FUEL_TO_2TC1621,,PT2.2FQI22023VB.DACA.PV,,28-MAY-2026
414,CR ONLY,STRM_DAY_STREAM_MEAS_GAS,GRS_VOL_GAS,Train 2 LNG Rundown,T2_LNG_RUNDOWN,,PT2.2FQI16270VB.DACA.PV,,04-JAN-2026
415,CR ONLY,STRM_DAY_STREAM_MEAS_GAS,GRS_VOL_GAS,Train 2 NRU,T2_NRU,,PT2.2FQI16104VB.DACA.PV,,28-MAY-2026
416,CR ONLY,STRM_DAY_STREAM_MEAS_GAS,GRS_VOL_GAS,Train 2 NRU to Cold Dry Flare,T2_NRU_TO_CD_FLARE,,PAS.PGP_ZERO_TAG-COPY-28,,28-MAY-2026
417,CR ONLY,STRM_DAY_STREAM_MEAS_GAS,GRS_VOL_GAS,Train 2 NRU to Oxidiser,T2_NRU_TO_OXDSR,,PAS.PGP_ZERO_TAG-COPY-25,,28-MAY-2026
418,CR ONLY,STRM_DAY_STREAM_MEAS_GAS,GRS_VOL_GAS,Train 2 NRU to Safe Location,T2_NRU_TO_SAFE_LOC,,PAS.PGP_ZERO_TAG-COPY-22,,28-MAY-2026
419,CR ONLY,STRM_DAY_STREAM_MEAS_GAS,GRS_VOL_GAS,Train 2 Wet Flare to Warm Wet Flare,T2_WET_FLARE_TO_WARM_WET_FLARE,,PT2.2FQI19293VB.DACA.PV,,26-MAY-2026
420,CR ONLY,STRM_DAY_STREAM_MEAS_GAS,GRS_VOL_GAS,Vapour Return 1V2002,VR_1V2002,,PGP.120FE008_TOTS.PREV_DAY_SVOL.PV,,26-MAY-2026
421,CR ONLY,STRM_DAY_STREAM_MEAS_GAS,GRS_VOL_GAS,Vapour Return 2V2002,VR_2V2002,,PGP.220FE008_TOTS.PREV_DAY_SVOL.PV,,26-MAY-2026
422,CR ONLY,STRM_DAY_STREAM_MEAS_GAS,GRS_VOL_GAS,Warm Wet Vapour,WARM_WET_VAP,,PGP.62FT025_TOTS.PREV_DAY_SVOL.PV,,26-MAY-2026
423,CR ONLY,STRM_DAY_STREAM_MEAS_GAS,GRS_VOL_GAS,Wet Hydrocarbon Vapour,HC_WET_VAP,,PGP.62FT027_TOTS.PREV_DAY_SVOL.PV,,26-MAY-2026
424,CR ONLY,STRM_DAY_STREAM_MEAS_GAS,MEAS_ENERGY,BOG to Common Fuel Gas System,BOG_TO_COM_FGS,,PGP.34FT014_TOTS.PREV_DAY_ENERGY.PV,,26-MAY-2026
425,CR ONLY,STRM_DAY_STREAM_MEAS_GAS,MEAS_ENERGY,Cold Dry Vapour,COLD_DRY_VAPOUR,,PGP.62FT026_TOTS.PREV_DAY_ENERGY.PV,,26-MAY-2026
426,CR ONLY,STRM_DAY_STREAM_MEAS_GAS,MEAS_ENERGY,DBNGP Compressor Fuel,DBNGP_COMPRS_FUEL,,PGP.44FQI5760B.PV,TJ,26-MAY-2026
427,CR ONLY,STRM_DAY_STREAM_MEAS_GAS,MEAS_ENERGY,DBNGP Generator Fuel,DBNGP_GNRTR_FUEL,,PAS.PGP_ZERO_TAG-COPY-8,,26-MAY-2026
428,CR ONLY,STRM_DAY_STREAM_MEAS_GAS,MEAS_ENERGY,DBNGP Pipeline Export Gas,DBNGP_PG_EXPORT_GAS,,PGP.44FQI1010B.PV,TJ,26-MAY-2026
429,CR ONLY,STRM_DAY_STREAM_MEAS_GAS,MEAS_ENERGY,Facility Export Gas,FCTY_EXPORT_GAS,,SCA.PCS.9FQI350004_TOT.TOTALISER.PERIOD_OLD_A[4],MJ,28-MAY-2026
430,CR ONLY,STRM_DAY_STREAM_MEAS_GAS,MEAS_ENERGY,Flash Gas to Train 2 RTO,FLASH_TO_T2_RTO,,PT2.2UQI12381.DACA.PV,MJ,26-MAY-2026
431,CR ONLY,STRM_DAY_STREAM_MEAS_GAS,MEAS_ENERGY,Fuel Gas to Train 1 RTO Pilots,FUEL_TO_T1_RTO_PILOT,,PAS.PGP_ZERO_TAG-COPY-2,,26-MAY-2026
432,CR ONLY,STRM_DAY_STREAM_MEAS_GAS,MEAS_ENERGY,HP Flare from LP Fuel Gas Header 1,HP_FLARE_LP_FUEL_GAS_HEAD1,,9FQI671018_TOT.TOTALISER.PERIOD_OLD_A[3],MJ,04-JAN-2026
433,CR ONLY,STRM_DAY_STREAM_MEAS_GAS,MEAS_ENERGY,HP Flare from LP Fuel Gas Header 1,HP_FLARE_LP_FUEL_GAS_HEAD1,,SCA.PCS.9FQI671018_TOT.TOTALISER.PERIOD_OLD_A[3],MJ,28-MAY-2026
434,CR ONLY,STRM_DAY_STREAM_MEAS_GAS,MEAS_ENERGY,HP Fuel Gas - Export Gas Compressor 1,HP_FUEL_GAS_EXP_GAS_COMP_1,,SCA.PCS.9FQI541039_ENERGY.TOTALIZER.PV,MJ,28-MAY-2026
435,CR ONLY,STRM_DAY_STREAM_MEAS_GAS,MEAS_ENERGY,HP Fuel Gas - Export Gas Compressor 2,HP_FUEL_GAS_EXP_GAS_COMP_2,,SCA.PCS.9FQI541040_ENERGY.TOTALIZER.PV,MJ,28-MAY-2026
436,CR ONLY,STRM_DAY_STREAM_MEAS_GAS,MEAS_ENERGY,HP Fuel Gas - Export Gas Compressor 3,HP_FUEL_GAS_EXP_GAS_COMP_3,,SCA.PCS.9FQI541041_ENERGY.TOTALIZER.PV,MJ,28-MAY-2026
437,CR ONLY,STRM_DAY_STREAM_MEAS_GAS,MEAS_ENERGY,HP Fuel Gas to 1KT1410,FUEL_GAS_HP_TO_1KT1410,,PGP.114FT058_TOTS.PREV_DAY_ENERGY.PV,,26-MAY-2026
438,CR ONLY,STRM_DAY_STREAM_MEAS_GAS,MEAS_ENERGY,HP Fuel Gas to 1KT1430,FUEL_GAS_HP_TO_1KT1430,,PGP.114FT059_TOTS.PREV_DAY_ENERGY.PV,,26-MAY-2026
439,CR ONLY,STRM_DAY_STREAM_MEAS_GAS,MEAS_ENERGY,Inlet Separator 1 Gas Outlet,INLET_SEP_1_GAS_OUTLET,,1FQI200001_TOT.TOTALISER.PERIOD_OLD_A[3],MJ,04-JAN-2026
440,CR ONLY,STRM_DAY_STREAM_MEAS_GAS,MEAS_ENERGY,Inlet Separator 1 Gas Outlet,INLET_SEP_1_GAS_OUTLET,,SCA.PCS.1FQI200001_TOT.TOTALISER.PERIOD_OLD_A[3],MJ,28-MAY-2026
441,CR ONLY,STRM_DAY_STREAM_MEAS_GAS,MEAS_ENERGY,Inlet Separator 1 Gas Recycle,INLET_SEP_1_GAS_RECYCLE,,1FQI200003_TOT.TOTALISER.PERIOD_OLD_A[3],MJ,04-JAN-2026
442,CR ONLY,STRM_DAY_STREAM_MEAS_GAS,MEAS_ENERGY,Inlet Separator 1 Gas Recycle,INLET_SEP_1_GAS_RECYCLE,,SCA.PCS.1FQI200003_TOT.TOTALISER.PERIOD_OLD_A[3],MJ,28-MAY-2026
443,CR ONLY,STRM_DAY_STREAM_MEAS_GAS,MEAS_ENERGY,Inlet Separator 2 Gas Outlet,INLET_SEP_2_GAS_OUTLET,,2FQI200001_TOT.TOTALISER.PERIOD_OLD_A[3],MJ,04-JAN-2026
444,CR ONLY,STRM_DAY_STREAM_MEAS_GAS,MEAS_ENERGY,Inlet Separator 2 Gas Outlet,INLET_SEP_2_GAS_OUTLET,,SCA.PCS.2FQI200001_TOT.TOTALISER.PERIOD_OLD_A[3],MJ,28-MAY-2026
445,CR ONLY,STRM_DAY_STREAM_MEAS_GAS,MEAS_ENERGY,Inlet Separator 2 Gas Recycle,INLET_SEP_2_GAS_RECYCLE,,2FQI200003_TOT.TOTALISER.PERIOD_OLD_A[3],MJ,04-JAN-2026
446,CR ONLY,STRM_DAY_STREAM_MEAS_GAS,MEAS_ENERGY,Inlet Separator 2 Gas Recycle,INLET_SEP_2_GAS_RECYCLE,,SCA.PCS.2FQI200003_TOT.TOTALISER.PERIOD_OLD_A[3],MJ,28-MAY-2026
447,CR ONLY,STRM_DAY_STREAM_MEAS_GAS,MEAS_ENERGY,Inlet Separator 3 Gas Outlet,INLET_SEP_3_GAS_OUTLET,,3FQI200001_TOT.TOTALISER.PERIOD_OLD_A[3],MJ,04-JAN-2026
448,CR ONLY,STRM_DAY_STREAM_MEAS_GAS,MEAS_ENERGY,Inlet Separator 3 Gas Outlet,INLET_SEP_3_GAS_OUTLET,,SCA.PCS.3FQI200001_TOT.TOTALISER.PERIOD_OLD_A[3],MJ,28-MAY-2026
449,CR ONLY,STRM_DAY_STREAM_MEAS_GAS,MEAS_ENERGY,Inlet Separator 3 Gas Recycle,INLET_SEP_3_GAS_RECYCLE,,3FQI200003_TOT.TOTALISER.PERIOD_OLD_A[3],MJ,04-JAN-2026
450,CR ONLY,STRM_DAY_STREAM_MEAS_GAS,MEAS_ENERGY,Inlet Separator 3 Gas Recycle,INLET_SEP_3_GAS_RECYCLE,,SCA.PCS.3FQI200003_TOT.TOTALISER.PERIOD_OLD_A[3],MJ,28-MAY-2026
451,CR ONLY,STRM_DAY_STREAM_MEAS_GAS,MEAS_ENERGY,LP Flare from LP Fuel Gas Header 1,LP_FLARE_LP_FUEL_GAS_HEAD1,,9FQI672002_TOT.TOTALISER.PERIOD_OLD_A[3],MJ,04-JAN-2026
452,CR ONLY,STRM_DAY_STREAM_MEAS_GAS,MEAS_ENERGY,LP Flare from LP Fuel Gas Header 1,LP_FLARE_LP_FUEL_GAS_HEAD1,,SCA.PCS.9FQI672002_TOT.TOTALISER.PERIOD_OLD_A[3],MJ,28-MAY-2026
453,CR ONLY,STRM_DAY_STREAM_MEAS_GAS,MEAS_ENERGY,LP Flare from LP Fuel Gas Header 3,LP_FLARE_LP_FUEL_GAS_HEAD3,,9FQI640628_TOT.TOTALISER.PERIOD_OLD_A[3],MJ,04-JAN-2026
454,CR ONLY,STRM_DAY_STREAM_MEAS_GAS,MEAS_ENERGY,LP Flare from LP Fuel Gas Header 3,LP_FLARE_LP_FUEL_GAS_HEAD3,,SCA.PCS.9FQI640628_TOT.TOTALISER.PERIOD_OLD_A[3],MJ,28-MAY-2026
455,CR ONLY,STRM_DAY_STREAM_MEAS_GAS,MEAS_ENERGY,MP Fuel Gas - Main Power Generator 1,HP_FUEL_GAS_MAIN_PWR_COMP_1,,SCA.PCS.9FQI541701_ENERGY.TOTALIZER.PV,MJ,28-MAY-2026
456,CR ONLY,STRM_DAY_STREAM_MEAS_GAS,MEAS_ENERGY,MP Fuel Gas - Main Power Generator 2,HP_FUEL_GAS_MAIN_PWR_COMP_2,,SCA.PCS.9FQI541801_ENERGY.TOTALIZER.PV,MJ,28-MAY-2026
457,CR ONLY,STRM_DAY_STREAM_MEAS_GAS,MEAS_ENERGY,MP Fuel Gas - Main Power Generator 3,HP_FUEL_GAS_MAIN_PWR_COMP_3,,SCA.PCS.9FQI541901_ENERGY.TOTALIZER.PV,MJ,28-MAY-2026
458,CR ONLY,STRM_DAY_STREAM_MEAS_GAS,MEAS_ENERGY,MP Fuel Gas to GT4001,FUEL_GAS_MP_TO_GT4001,,PGP.401FE001_TOTS.PREV_DAY_ENERGY.PV,,26-MAY-2026
459,CR ONLY,STRM_DAY_STREAM_MEAS_GAS,MEAS_ENERGY,MP Fuel Gas to GT4002,FUEL_GAS_MP_TO_GT4002,,PGP.402FE001_TOTS.PREV_DAY_ENERGY.PV,,26-MAY-2026
460,CR ONLY,STRM_DAY_STREAM_MEAS_GAS,MEAS_ENERGY,MP Fuel Gas to GT4003,FUEL_GAS_MP_TO_GT4003,,PGP.403FE001_TOTS.PREV_DAY_ENERGY.PV,,26-MAY-2026
461,CR ONLY,STRM_DAY_STREAM_MEAS_GAS,MEAS_ENERGY,MP Fuel Gas to GT4004,FUEL_GAS_MP_TO_GT4004,,PGP.404FE001_TOTS.PREV_DAY_ENERGY.PV,,26-MAY-2026
462,CR ONLY,STRM_DAY_STREAM_MEAS_GAS,MEAS_ENERGY,Pipeline (Domestic) Export Gas,PG_EXPORT_GAS,,PT2.0UQI63024_F.DACA.PV,MJ,04-JAN-2026
463,CR ONLY,STRM_DAY_STREAM_MEAS_GAS,MEAS_ENERGY,Pipeline Gas Import,PG_IMPORT,,PAS.PGP_ZERO_TAG-COPY-5,,26-MAY-2026
464,CR ONLY,STRM_DAY_STREAM_MEAS_GAS,MEAS_ENERGY,Pluto Inlet Gas,PLU_INLET_GAS,,PGP.10FQI108.PV,,26-MAY-2026
465,CR ONLY,STRM_DAY_STREAM_MEAS_GAS,MEAS_ENERGY,Pluto to Pipeline Gas Facilities,PLU_TO_PG_FCTY,,PT2.0UQI63012.DACA.PV,MJ,26-MAY-2026
466,CR ONLY,STRM_DAY_STREAM_MEAS_GAS,MEAS_ENERGY,Pluto-NWS Interconnector Export,PNI_EXPORT,,PGP.56FQ200B.PV,,26-MAY-2026
467,CR ONLY,STRM_DAY_STREAM_MEAS_GAS,MEAS_ENERGY,Pluto-NWS Interconnector Flare Gas,PLU_NWS_INT_CON_FLARE_GAS,,PGP.62FT001_TOTS.PREV_DAY_ENERGY.PV,,26-MAY-2026
468,CR ONLY,STRM_DAY_STREAM_MEAS_GAS,MEAS_ENERGY,SCA UG Feed to Black Start and GTG Fuel Supply,SCA_FEED_TO_BLK_STRT_GTG_FS,,PT2.2UQI22010.DACA.PV,MJ,26-MAY-2026
469,CR ONLY,STRM_DAY_STREAM_MEAS_GAS,MEAS_ENERGY,SCA UG Feed to Pipeline (Domestic) Gas,SCA_FEED_TO_PG,,PT2.0UQI63067.DACA.PV,MJ,26-MAY-2026
470,CR ONLY,STRM_DAY_STREAM_MEAS_GAS,MEAS_ENERGY,Scarborough to LNG Train 2,SCA_FEED_TO_T2,,PT2.2UQI11003.DACA.PV,MJ,26-MAY-2026
471,CR ONLY,STRM_DAY_STREAM_MEAS_GAS,MEAS_ENERGY,Scarborough to Pluto Onshore Facilities ex 1PK-1102,SCA_TO_PLU_ONSHORE_EX_1PK1102,,PT2.1UQI11062.DACA.PV,MJ,26-MAY-2026
472,CR ONLY,STRM_DAY_STREAM_MEAS_GAS,MEAS_ENERGY,Scarborough to Pluto Onshore Facilities ex 1PK-1103,SCA_TO_PLU_ONSHORE_EX_1PK1103,,PT2.1UQI11262.DACA.PV,MJ,26-MAY-2026
473,CR ONLY,STRM_DAY_STREAM_MEAS_GAS,MEAS_ENERGY,Storage and Loading Flare A,STOR_LOAD_FLARE_A,,PGP.62FT005_TOTS.PREV_DAY_ENERGY.PV,,26-MAY-2026
474,CR ONLY,STRM_DAY_STREAM_MEAS_GAS,MEAS_ENERGY,Storage and Loading Flare B,STOR_LOAD_FLARE_B,,PGP.62FT006_TOTS.PREV_DAY_ENERGY.PV,,26-MAY-2026
475,CR ONLY,STRM_DAY_STREAM_MEAS_GAS,MEAS_ENERGY,Total Facility Fuel Gas,TOT_FCTY_FUEL_GAS,,9FQI541011_TOT.TOTALISER.PERIOD_OLD_A[3],MJ,04-JAN-2026
476,CR ONLY,STRM_DAY_STREAM_MEAS_GAS,MEAS_ENERGY,Total Flare Pilot Gas,TOT_FLARE_PILOT_GAS,,SCA.PCS.9FQI541002_ENERGY.TOTALIZER.PV,MJ,28-MAY-2026
477,CR ONLY,STRM_DAY_STREAM_MEAS_GAS,MEAS_ENERGY,Total HP Flare Gas,TOT_HP_FLARE_GAS,,SCA.PCS.9FQI671005_TOT.TOTALISER.PERIOD_OLD_A[4],MJ,28-MAY-2026
478,CR ONLY,STRM_DAY_STREAM_MEAS_GAS,MEAS_ENERGY,Total LP Flare Gas,TOT_LP_FLARE_GAS,,SCA.PCS.9FQI672003_TOT.TOTALISER.PERIOD_OLD_A[4],MJ,28-MAY-2026
479,CR ONLY,STRM_DAY_STREAM_MEAS_GAS,MEAS_ENERGY,Total Production Flowline Repressurisation,TOT_PROD_FLOWLINE_REPRESS,,9FQI541012_TOT.TOTALISER.PERIOD_OLD_A[3],MJ,04-JAN-2026
480,CR ONLY,STRM_DAY_STREAM_MEAS_GAS,MEAS_ENERGY,Total Production Flowline Repressurisation,TOT_PROD_FLOWLINE_REPRESS,,SCA.PCS.9FQI541012_TOT.TOTALISER.PERIOD_OLD_A[3],MJ,28-MAY-2026
481,CR ONLY,STRM_DAY_STREAM_MEAS_GAS,MEAS_ENERGY,Train 1 LNG Rundown,T1_LNG_RUNDOWN,,PGP.114FE012_TOTS.PREV_DAY_ENERGY.PV,,26-MAY-2026
482,CR ONLY,STRM_DAY_STREAM_MEAS_GAS,MEAS_ENERGY,Train 2 Acid Gas,T2_ACID_GAS,,PT2.2UQI12083.DACA.PV,MJ,26-MAY-2026
483,CR ONLY,STRM_DAY_STREAM_MEAS_GAS,MEAS_ENERGY,Train 2 Acid Gas to Flare Warm Wet,T2_ACID_GAS_TO_WW_FLARE,,PAS.PGP_ZERO_TAG-COPY-33,,28-MAY-2026
484,CR ONLY,STRM_DAY_STREAM_MEAS_GAS,MEAS_ENERGY,Train 2 Acid Gas to Oxidiser,T2_ACID_GAS_TO_OXDSR,,PAS.PGP_ZERO_TAG-COPY-39,,28-MAY-2026
485,CR ONLY,STRM_DAY_STREAM_MEAS_GAS,MEAS_ENERGY,Train 2 Acid Gas to Safe Location,T2_ACID_GAS_TO_SAFE_LOC,,PAS.PGP_ZERO_TAG-COPY-36,,28-MAY-2026
486,CR ONLY,STRM_DAY_STREAM_MEAS_GAS,MEAS_ENERGY,Train 2 BOG Return A,BOG_A_T2,,PT2.2UQI24071.DACA.PV,MJ,04-JAN-2026
487,CR ONLY,STRM_DAY_STREAM_MEAS_GAS,MEAS_ENERGY,Train 2 BOG Return B,BOG_B_T2,,PT2.2UQI24271.DACA.PV,MJ,04-JAN-2026
488,CR ONLY,STRM_DAY_STREAM_MEAS_GAS,MEAS_ENERGY,Train 2 Dry Flare to Cold Dry Flare,T2_DF_TO_CD_FLARE,,PAS.PGP_ZERO_TAG-COPY-13,MJ,26-MAY-2026
489,CR ONLY,STRM_DAY_STREAM_MEAS_GAS,MEAS_ENERGY,Train 2 GTG Fuel Gas,T2_GTG_FUEL,,PT2.2UQI22250.DACA.PV,MJ,26-MAY-2026
490,CR ONLY,STRM_DAY_STREAM_MEAS_GAS,MEAS_ENERGY,Train 2 HP Fuel Gas to 2TC-1411,T2_HP_FUEL_TO_2TC1411,,PT2.2UQI22027.DACA.PV,MJ,26-MAY-2026
491,CR ONLY,STRM_DAY_STREAM_MEAS_GAS,MEAS_ENERGY,Train 2 HP Fuel Gas to 2TC-1421,T2_HP_FUEL_TO_2TC1421,,PT2.2UQI22028.DACA.PV,MJ,26-MAY-2026
492,CR ONLY,STRM_DAY_STREAM_MEAS_GAS,MEAS_ENERGY,Train 2 HP Fuel Gas to 2TC-1511,T2_HP_FUEL_TO_2TC1511,,PT2.2UQI22026.DACA.PV,MJ,26-MAY-2026
493,CR ONLY,STRM_DAY_STREAM_MEAS_GAS,MEAS_ENERGY,Train 2 HP Fuel Gas to 2TC-1521,T2_HP_FUEL_TO_2TC1521,,PT2.2UQI22025.DACA.PV,MJ,26-MAY-2026
494,CR ONLY,STRM_DAY_STREAM_MEAS_GAS,MEAS_ENERGY,Train 2 HP Fuel Gas to 2TC-1611,T2_HP_FUEL_TO_2TC1611,,PT2.2UQI22024.DACA.PV,MJ,26-MAY-2026
495,CR ONLY,STRM_DAY_STREAM_MEAS_GAS,MEAS_ENERGY,Train 2 HP Fuel Gas to 2TC-1621,T2_HP_FUEL_TO_2TC1621,,PT2.2UQI22023.DACA.PV,MJ,26-MAY-2026
496,CR ONLY,STRM_DAY_STREAM_MEAS_GAS,MEAS_ENERGY,Train 2 LNG Rundown,T2_LNG_RUNDOWN,,PT2.2UQI16270.DACA.PV,MJ,04-JAN-2026
497,CR ONLY,STRM_DAY_STREAM_MEAS_GAS,MEAS_ENERGY,Train 2 NRU,T2_NRU,,PT2.2UQI16104.DACA.PV,MJ,26-MAY-2026
498,CR ONLY,STRM_DAY_STREAM_MEAS_GAS,MEAS_ENERGY,Train 2 NRU to Cold Dry Flare,T2_NRU_TO_CD_FLARE,,PAS.PGP_ZERO_TAG-COPY-30,,28-MAY-2026
499,CR ONLY,STRM_DAY_STREAM_MEAS_GAS,MEAS_ENERGY,Train 2 NRU to Oxidiser,T2_NRU_TO_OXDSR,,PAS.PGP_ZERO_TAG-COPY-27,,28-MAY-2026
500,CR ONLY,STRM_DAY_STREAM_MEAS_GAS,MEAS_ENERGY,Train 2 NRU to Safe Location,T2_NRU_TO_SAFE_LOC,,PAS.PGP_ZERO_TAG-COPY-24,,28-MAY-2026
501,CR ONLY,STRM_DAY_STREAM_MEAS_GAS,MEAS_ENERGY,Train 2 Wet Flare to Warm Wet Flare,T2_WET_FLARE_TO_WARM_WET_FLARE,,PT2.2UQI19293.DACA.PV,MJ,26-MAY-2026
502,CR ONLY,STRM_DAY_STREAM_MEAS_GAS,MEAS_ENERGY,Warm Wet Vapour,WARM_WET_VAP,,PGP.62FT025_TOTS.PREV_DAY_ENERGY.PV,,26-MAY-2026
503,CR ONLY,STRM_DAY_STREAM_MEAS_GAS,MEAS_ENERGY,Wet Hydrocarbon Vapour,HC_WET_VAP,,PGP.62FT027_TOTS.PREV_DAY_ENERGY.PV,,26-MAY-2026
504,CR ONLY,STRM_DAY_STREAM_MEAS_OIL,GRS_MASS_OIL,1C1801 Bottom Outlet,COND_OUTLET_1C1801,,PGP.118FE018_TOTS.PREV_DAY_MASS.PV,TONNES,26-MAY-2026
505,CR ONLY,STRM_DAY_STREAM_MEAS_OIL,GRS_MASS_OIL,1C1802 Bottom Outlet,COND_OUTLET_1C1802,,PGP.118FE019_TOTS.PREV_DAY_MASS.PV,TONNES,26-MAY-2026
506,CR ONLY,STRM_DAY_STREAM_MEAS_OIL,GRS_MASS_OIL,1C1803 Bottom Outlet,COND_OUTLET_1C1803,,PGP.118FE021_TOTS.PREV_DAY_MASS.PV,TONNES,26-MAY-2026
507,CR ONLY,STRM_DAY_STREAM_MEAS_OIL,GRS_MASS_OIL,1V2001 Condensate to 1C2001,COND_1V2001_1C2001,,PGP.120FE001A_TOTS.PREV_DAY_MASS.PV,TONNES,26-MAY-2026
508,CR ONLY,STRM_DAY_STREAM_MEAS_OIL,GRS_MASS_OIL,1V2001 Condensate to 1E2006,COND_1V2001_1E2006,,PGP.120FE001B_TOTS.PREV_DAY_MASS.PV,TONNES,26-MAY-2026
509,CR ONLY,STRM_DAY_STREAM_MEAS_OIL,GRS_MASS_OIL,2V2001 Condensate to 2C2001,COND_2V2001_2C2001,,PGP.220FE001A_TOTS.PREV_DAY_MASS.PV,TONNES,26-MAY-2026
510,CR ONLY,STRM_DAY_STREAM_MEAS_OIL,GRS_MASS_OIL,2V2001 Condensate to 2E2006,COND_2V2001_2E2006,,PGP.220FE001B_TOTS.PREV_DAY_MASS.PV,TONNES,26-MAY-2026
511,CR ONLY,STRM_DAY_STREAM_MEAS_OIL,GRS_MASS_OIL,Condensate Rundown ex 1U-2000,COND_RUNDOWN_1U2000,,PGP.120FT006_TOTS.PREV_DAY_MASS.PV,TONNES,26-MAY-2026
512,CR ONLY,STRM_DAY_STREAM_MEAS_OIL,GRS_MASS_OIL,Condensate Rundown ex 2U-2000,COND_RUNDOWN_2U2000,,PGP.220FT006_TOTS.PREV_DAY_MASS.PV,TONNES,26-MAY-2026
513,CR ONLY,STRM_DAY_STREAM_MEAS_OIL,GRS_MASS_OIL,Condensate Rundown from Train 1 Fractionation,COND_RUNDOWN_FRAC_T1,,PGP.118FE015_TOTS.PREV_DAY_MASS.PV,TONNES,26-MAY-2026
514,CR ONLY,STRM_DAY_STREAM_MEAS_OIL,GRS_MASS_OIL,Condensate Rundown from Train 2 HRU,COND_RUNDOWN_FRM_T2_HRU,,PT2.2FQI17141MB.DACA.PV,TONNES,26-MAY-2026
515,CR ONLY,STRM_DAY_STREAM_MEAS_OIL,GRS_MASS_OIL,Condensate from Slugcatcher A to 1V2001,COND_SLGA_TO_1V2001,,PGP.10FE008_TOTS.PREV_DAY_MASS.PV,TONNES,26-MAY-2026
516,CR ONLY,STRM_DAY_STREAM_MEAS_OIL,GRS_MASS_OIL,Condensate from Slugcatcher A to 2V2001,COND_SLGA_TO_2V2001,,PGP.10FE009_TOTS.PREV_DAY_MASS.PV,TONNES,26-MAY-2026
517,CR ONLY,STRM_DAY_STREAM_MEAS_OIL,GRS_MASS_OIL,Condensate from Slugcatcher B to 1V2001,COND_SLGB_TO_1V2001,,PGP.10FE007_TOTS.PREV_DAY_MASS.PV,TONNES,26-MAY-2026
518,CR ONLY,STRM_DAY_STREAM_MEAS_OIL,GRS_MASS_OIL,Condensate from Slugcatcher B to 2V2001,COND_SLGB_TO_2V2001,,PGP.10FE010_TOTS.PREV_DAY_MASS.PV,TONNES,26-MAY-2026
519,CR ONLY,STRM_DAY_STREAM_MEAS_OIL,GRS_VOL_OIL,Condensate Rundown ex 1U-2000,COND_RUNDOWN_1U2000,,PGP.120FT006_TOTS.PREV_DAY_SVOL.PV,,26-MAY-2026
520,CR ONLY,STRM_DAY_STREAM_MEAS_OIL,GRS_VOL_OIL,Condensate Rundown ex 2U-2000,COND_RUNDOWN_2U2000,,PGP.220FT006_TOTS.PREV_DAY_SVOL.PV,,26-MAY-2026
521,CR ONLY,STRM_DAY_STREAM_MEAS_OIL,GRS_VOL_OIL,Condensate Rundown from Train 1 Fractionation,COND_RUNDOWN_FRAC_T1,,PGP.118FE015_TOTS.PREV_DAY_SVOL.PV,,26-MAY-2026
522,CR ONLY,STRM_DAY_STREAM_MEAS_OIL,GRS_VOL_OIL,Condensate Rundown from Train 2 HRU,COND_RUNDOWN_FRM_T2_HRU,,PT2.2FQI17141VB.DACA.PV,,26-MAY-2026
523,CR ONLY,STRM_DAY_STREAM_MEAS_OIL,GRS_VOL_OIL,Condensate Slops,COND_SLOPS,,PAS.PGP_VT.64FI022.DACA.PV,M3PERHR,26-MAY-2026
524,CR ONLY,STRM_DAY_STREAM_MEAS_OIL,GRS_VOL_OIL,Condensate from Slugcatcher A to 1V2001,COND_SLGA_TO_1V2001,,PGP.10FE008_TOTS.PREV_DAY_SVOL.PV,,26-MAY-2026
525,CR ONLY,STRM_DAY_STREAM_MEAS_OIL,GRS_VOL_OIL,Condensate from Slugcatcher A to 2V2001,COND_SLGA_TO_2V2001,,PGP.10FE009_TOTS.PREV_DAY_SVOL.PV,,26-MAY-2026
526,CR ONLY,STRM_DAY_STREAM_MEAS_OIL,GRS_VOL_OIL,Condensate from Slugcatcher B to 1V2001,COND_SLGB_TO_1V2001,,PGP.10FE007_TOTS.PREV_DAY_SVOL.PV,,26-MAY-2026
527,CR ONLY,STRM_DAY_STREAM_MEAS_OIL,GRS_VOL_OIL,Condensate from Slugcatcher B to 2V2001,COND_SLGB_TO_2V2001,,PGP.10FE010_TOTS.PREV_DAY_SVOL.PV,,26-MAY-2026
528,CR ONLY,STRM_DAY_STREAM_MEAS_WAT,GRS_VOL_WAT,Total Facility Water Production,TOT_FCTY_WATER_PROD,,SCA.PCS.9FQI640611.TOTALIZER.PV,,28-MAY-2026
529,CR ONLY,STRM_DAY_STREAM_MEAS_WAT,GRS_VOL_WAT,Water Overboard,WATER_OVERBOARD,,PRP.00FC026301.DACA.PV,M3PERHR,26-MAY-2026
530,CR ONLY,STRM_DAY_STREAM_MEAS_WAT,ZWT_OILINWAT,Water Overboard,WATER_OVERBOARD,,PRP.00AI02631XR24.DACA.PV,,26-MAY-2026
531,NEITHER,STRM_ANALYSIS,DENSITY,HP Fuel Gas to 1KT1410,FUEL_GAS_HP_TO_1KT1410,STRM_GAS_COMP,PGP.114FT058_FWA.PREV_DAY_SDENS.PV,,26-MAY-2026
532,NEITHER,STRM_ANALYSIS,DENSITY,HP Fuel Gas to 1KT1430,FUEL_GAS_HP_TO_1KT1430,STRM_GAS_COMP,PGP.114FT059_FWA.PREV_DAY_SDENS.PV,,26-MAY-2026
533,NEITHER,STRM_ANALYSIS,DENSITY,MP Fuel Gas to GT4001,FUEL_GAS_MP_TO_GT4001,STRM_GAS_COMP,PGP.401FE001_FWA.PREV_DAY_SDENS.PV,,26-MAY-2026
534,NEITHER,STRM_ANALYSIS,DENSITY,MP Fuel Gas to GT4002,FUEL_GAS_MP_TO_GT4002,STRM_GAS_COMP,PGP.402FE001_FWA.PREV_DAY_SDENS.PV,,26-MAY-2026
535,NEITHER,STRM_ANALYSIS,DENSITY,MP Fuel Gas to GT4003,FUEL_GAS_MP_TO_GT4003,STRM_GAS_COMP,PGP.403FE001_FWA.PREV_DAY_SDENS.PV,,26-MAY-2026
536,NEITHER,STRM_ANALYSIS,DENSITY,MP Fuel Gas to GT4004,FUEL_GAS_MP_TO_GT4004,STRM_GAS_COMP,PGP.404FE001_FWA.PREV_DAY_SDENS.PV,,26-MAY-2026
537,NEITHER,STRM_ANALYSIS,GCV,Flare Pilot (Site A),FLARE_PILOT_A,STRM_GAS_COMP,PGP.44QI210A.PV,MJPERSM3,26-MAY-2026
538,NEITHER,STRM_ANALYSIS,GCV,Flare Pilot (Site B),FLARE_PILOT_B,STRM_GAS_COMP,PGP.44QI210A.PV-COPY-1,MJPERSM3,26-MAY-2026
539,NEITHER,STRM_ANALYSIS,GCV,Fuel Gas to Train 1 RTO Pilots,FUEL_TO_T1_RTO_PILOT,STRM_GAS_COMP,PGP.44QI210A.PV-COPY-2,MJPERSM3,26-MAY-2026
540,NEITHER,STRM_ANALYSIS,GCV,HP Fuel Gas to 1KT1410,FUEL_GAS_HP_TO_1KT1410,STRM_GAS_COMP,PGP.114FT058_FWA.PREV_DAY_CV.PV,,26-MAY-2026
541,NEITHER,STRM_ANALYSIS,GCV,HP Fuel Gas to 1KT1430,FUEL_GAS_HP_TO_1KT1430,STRM_GAS_COMP,PGP.114FT059_FWA.PREV_DAY_CV.PV,,26-MAY-2026
542,NEITHER,STRM_ANALYSIS,GCV,MP Fuel Gas to GT4001,FUEL_GAS_MP_TO_GT4001,STRM_GAS_COMP,PGP.401FE001_FWA.PREV_DAY_CV.PV,,26-MAY-2026
543,NEITHER,STRM_ANALYSIS,GCV,MP Fuel Gas to GT4002,FUEL_GAS_MP_TO_GT4002,STRM_GAS_COMP,PGP.402FE001_FWA.PREV_DAY_CV.PV,,26-MAY-2026
544,NEITHER,STRM_ANALYSIS,GCV,MP Fuel Gas to GT4003,FUEL_GAS_MP_TO_GT4003,STRM_GAS_COMP,PGP.403FE001_FWA.PREV_DAY_CV.PV,,26-MAY-2026
545,NEITHER,STRM_ANALYSIS,GCV,MP Fuel Gas to GT4004,FUEL_GAS_MP_TO_GT4004,STRM_GAS_COMP,PGP.404FE001_FWA.PREV_DAY_CV.PV,,26-MAY-2026
546,NEITHER,STRM_COMP_ANALYSIS,MOL_PCT,1C1401 to E1405A/B,1C1401_TO_E1405AB,C1,PGP.114QI201_FWA.DACA.PV,,26-MAY-2026
547,NEITHER,STRM_COMP_ANALYSIS,MOL_PCT,1C1401 to E1405A/B,1C1401_TO_E1405AB,C2,PGP.114QI202_FWA.DACA.PV,,26-MAY-2026
548,NEITHER,STRM_COMP_ANALYSIS,MOL_PCT,1C1401 to E1405A/B,1C1401_TO_E1405AB,C3,PGP.114QI203_FWA.DACA.PV,,26-MAY-2026
549,NEITHER,STRM_COMP_ANALYSIS,MOL_PCT,1C1401 to E1405A/B,1C1401_TO_E1405AB,IC4,PGP.114QI204_FWA.DACA.PV,,26-MAY-2026
550,NEITHER,STRM_COMP_ANALYSIS,MOL_PCT,1C1401 to E1405A/B,1C1401_TO_E1405AB,N2,PGP.114QI207_FWA.DACA.PV,,31-DEC-2025
551,NEITHER,STRM_COMP_ANALYSIS,MOL_PCT,1C1401 to E1405A/B,1C1401_TO_E1405AB,NC4,PGP.114QI205_FWA.DACA.PV,,26-MAY-2026
552,NEITHER,STRM_COMP_ANALYSIS,MOL_PCT,1C1401 to E1405A/B,1C1401_TO_E1405AB,NC5,PGP.114QI206_FWA.DACA.PV,,26-MAY-2026
553,NEITHER,STRM_COMP_ANALYSIS,MOL_PCT,DBNGP Pipeline Export Gas,DBNGP_PG_EXPORT_GAS,C1,PGP.44QI210E.PV,,26-MAY-2026
554,NEITHER,STRM_COMP_ANALYSIS,MOL_PCT,DBNGP Pipeline Export Gas,DBNGP_PG_EXPORT_GAS,C2,PGP.44QI210F.PV,,26-MAY-2026
555,NEITHER,STRM_COMP_ANALYSIS,MOL_PCT,DBNGP Pipeline Export Gas,DBNGP_PG_EXPORT_GAS,C3,PGP.44QI210G.PV,,26-MAY-2026
556,NEITHER,STRM_COMP_ANALYSIS,MOL_PCT,DBNGP Pipeline Export Gas,DBNGP_PG_EXPORT_GAS,C6+,PGP.44QI210M.PV,,26-MAY-2026
557,NEITHER,STRM_COMP_ANALYSIS,MOL_PCT,DBNGP Pipeline Export Gas,DBNGP_PG_EXPORT_GAS,CO2,PGP.44QI210C.PV,,26-MAY-2026
558,NEITHER,STRM_COMP_ANALYSIS,MOL_PCT,DBNGP Pipeline Export Gas,DBNGP_PG_EXPORT_GAS,IC4,PGP.44QI210H.PV,,26-MAY-2026
559,NEITHER,STRM_COMP_ANALYSIS,MOL_PCT,DBNGP Pipeline Export Gas,DBNGP_PG_EXPORT_GAS,IC5,PGP.44QI210J.PV,,26-MAY-2026
560,NEITHER,STRM_COMP_ANALYSIS,MOL_PCT,DBNGP Pipeline Export Gas,DBNGP_PG_EXPORT_GAS,N2,PGP.44QI210D.PV,,26-MAY-2026
561,NEITHER,STRM_COMP_ANALYSIS,MOL_PCT,DBNGP Pipeline Export Gas,DBNGP_PG_EXPORT_GAS,NC4,PGP.44QI210I.PV,,26-MAY-2026
562,NEITHER,STRM_COMP_ANALYSIS,MOL_PCT,DBNGP Pipeline Export Gas,DBNGP_PG_EXPORT_GAS,NC5,PGP.44QI210K.PV,,26-MAY-2026
563,NEITHER,STRM_COMP_ANALYSIS,MOL_PCT,HP Fuel Gas to 1KT1410,FUEL_GAS_HP_TO_1KT1410,C1,PGP.44QI102_FWA.DACA.PV,,26-MAY-2026
564,NEITHER,STRM_COMP_ANALYSIS,MOL_PCT,HP Fuel Gas to 1KT1410,FUEL_GAS_HP_TO_1KT1410,C2,PGP.44QI103_FWA.DACA.PV,,26-MAY-2026
565,NEITHER,STRM_COMP_ANALYSIS,MOL_PCT,HP Fuel Gas to 1KT1410,FUEL_GAS_HP_TO_1KT1410,C3,PGP.44QI104_FWA.DACA.PV,,26-MAY-2026
566,NEITHER,STRM_COMP_ANALYSIS,MOL_PCT,HP Fuel Gas to 1KT1410,FUEL_GAS_HP_TO_1KT1410,CO2,PGP.44QI110_FWA.DACA.PV,,26-MAY-2026
567,NEITHER,STRM_COMP_ANALYSIS,MOL_PCT,HP Fuel Gas to 1KT1410,FUEL_GAS_HP_TO_1KT1410,N2,PGP.44QI101_FWA.DACA.PV,,26-MAY-2026
568,NEITHER,STRM_COMP_ANALYSIS,MOL_PCT,HP Fuel Gas to 1KT1410,FUEL_GAS_HP_TO_1KT1410,NC4,PGP.44QI105_FWA.DACA.PV,,26-MAY-2026
569,NEITHER,STRM_COMP_ANALYSIS,MOL_PCT,HP Fuel Gas to 1KT1410,FUEL_GAS_HP_TO_1KT1410,NC5,PGP.44QI106_FWA.DACA.PV,,26-MAY-2026
570,NEITHER,STRM_COMP_ANALYSIS,MOL_PCT,HP Fuel Gas to 1KT1430,FUEL_GAS_HP_TO_1KT1430,C1,PGP.44QI102_FWA.DACA.PV-COPY-1,,26-MAY-2026
571,NEITHER,STRM_COMP_ANALYSIS,MOL_PCT,HP Fuel Gas to 1KT1430,FUEL_GAS_HP_TO_1KT1430,C2,PGP.44QI103_FWA.DACA.PV-COPY-1,,26-MAY-2026
572,NEITHER,STRM_COMP_ANALYSIS,MOL_PCT,HP Fuel Gas to 1KT1430,FUEL_GAS_HP_TO_1KT1430,C3,PGP.44QI104_FWA.DACA.PV-COPY-1,,26-MAY-2026
573,NEITHER,STRM_COMP_ANALYSIS,MOL_PCT,HP Fuel Gas to 1KT1430,FUEL_GAS_HP_TO_1KT1430,CO2,PGP.44QI110_FWA.DACA.PV-COPY-1,,26-MAY-2026
574,NEITHER,STRM_COMP_ANALYSIS,MOL_PCT,HP Fuel Gas to 1KT1430,FUEL_GAS_HP_TO_1KT1430,N2,PGP.44QI101_FWA.DACA.PV-COPY-1,,26-MAY-2026
575,NEITHER,STRM_COMP_ANALYSIS,MOL_PCT,HP Fuel Gas to 1KT1430,FUEL_GAS_HP_TO_1KT1430,NC4,PGP.44QI105_FWA.DACA.PV-COPY-1,,26-MAY-2026
576,NEITHER,STRM_COMP_ANALYSIS,MOL_PCT,HP Fuel Gas to 1KT1430,FUEL_GAS_HP_TO_1KT1430,NC5,PGP.44QI106_FWA.DACA.PV-COPY-1,,26-MAY-2026
577,NEITHER,STRM_COMP_ANALYSIS,MOL_PCT,MP Fuel Gas to GT4001,FUEL_GAS_MP_TO_GT4001,C1,PGP.44QI202_FWA.DACA.PV,,26-MAY-2026
578,NEITHER,STRM_COMP_ANALYSIS,MOL_PCT,MP Fuel Gas to GT4001,FUEL_GAS_MP_TO_GT4001,C2,PGP.44QI203_FWA.DACA.PV,,26-MAY-2026
579,NEITHER,STRM_COMP_ANALYSIS,MOL_PCT,MP Fuel Gas to GT4001,FUEL_GAS_MP_TO_GT4001,C3,PGP.44QI204_FWA.DACA.PV,,26-MAY-2026
580,NEITHER,STRM_COMP_ANALYSIS,MOL_PCT,MP Fuel Gas to GT4001,FUEL_GAS_MP_TO_GT4001,CO2,PGP.44QI210_FWA.DACA.PV,,26-MAY-2026
581,NEITHER,STRM_COMP_ANALYSIS,MOL_PCT,MP Fuel Gas to GT4001,FUEL_GAS_MP_TO_GT4001,N2,PGP.44QI201_FWA.DACA.PV,,26-MAY-2026
582,NEITHER,STRM_COMP_ANALYSIS,MOL_PCT,MP Fuel Gas to GT4001,FUEL_GAS_MP_TO_GT4001,NC4,PGP.44QI205_FWA.DACA.PV,,26-MAY-2026
583,NEITHER,STRM_COMP_ANALYSIS,MOL_PCT,MP Fuel Gas to GT4001,FUEL_GAS_MP_TO_GT4001,NC5,PGP.44QI206_FWA.DACA.PV,,26-MAY-2026
584,NEITHER,STRM_COMP_ANALYSIS,MOL_PCT,MP Fuel Gas to GT4002,FUEL_GAS_MP_TO_GT4002,C1,PGP.44QI202_FWA.DACA.PV-COPY-1,,26-MAY-2026
585,NEITHER,STRM_COMP_ANALYSIS,MOL_PCT,MP Fuel Gas to GT4002,FUEL_GAS_MP_TO_GT4002,C2,PGP.44QI203_FWA.DACA.PV-COPY-1,,26-MAY-2026
586,NEITHER,STRM_COMP_ANALYSIS,MOL_PCT,MP Fuel Gas to GT4002,FUEL_GAS_MP_TO_GT4002,C3,PGP.44QI204_FWA.DACA.PV-COPY-1,,26-MAY-2026
587,NEITHER,STRM_COMP_ANALYSIS,MOL_PCT,MP Fuel Gas to GT4002,FUEL_GAS_MP_TO_GT4002,CO2,PGP.44QI210_FWA.DACA.PV-COPY-1,,26-MAY-2026
588,NEITHER,STRM_COMP_ANALYSIS,MOL_PCT,MP Fuel Gas to GT4002,FUEL_GAS_MP_TO_GT4002,N2,PGP.44QI201_FWA.DACA.PV-COPY-1,,26-MAY-2026
589,NEITHER,STRM_COMP_ANALYSIS,MOL_PCT,MP Fuel Gas to GT4002,FUEL_GAS_MP_TO_GT4002,NC4,PGP.44QI205_FWA.DACA.PV-COPY-1,,26-MAY-2026
590,NEITHER,STRM_COMP_ANALYSIS,MOL_PCT,MP Fuel Gas to GT4002,FUEL_GAS_MP_TO_GT4002,NC5,PGP.44QI206_FWA.DACA.PV-COPY-1,,26-MAY-2026
591,NEITHER,STRM_COMP_ANALYSIS,MOL_PCT,MP Fuel Gas to GT4003,FUEL_GAS_MP_TO_GT4003,C1,PGP.44QI202_FWA.DACA.PV-COPY-2,,26-MAY-2026
592,NEITHER,STRM_COMP_ANALYSIS,MOL_PCT,MP Fuel Gas to GT4003,FUEL_GAS_MP_TO_GT4003,C2,PGP.44QI203_FWA.DACA.PV-COPY-2,,26-MAY-2026
593,NEITHER,STRM_COMP_ANALYSIS,MOL_PCT,MP Fuel Gas to GT4003,FUEL_GAS_MP_TO_GT4003,C3,PGP.44QI204_FWA.DACA.PV-COPY-2,,26-MAY-2026
594,NEITHER,STRM_COMP_ANALYSIS,MOL_PCT,MP Fuel Gas to GT4003,FUEL_GAS_MP_TO_GT4003,CO2,PGP.44QI210_FWA.DACA.PV-COPY-2,,26-MAY-2026
595,NEITHER,STRM_COMP_ANALYSIS,MOL_PCT,MP Fuel Gas to GT4003,FUEL_GAS_MP_TO_GT4003,N2,PGP.44QI201_FWA.DACA.PV-COPY-2,,26-MAY-2026
596,NEITHER,STRM_COMP_ANALYSIS,MOL_PCT,MP Fuel Gas to GT4003,FUEL_GAS_MP_TO_GT4003,NC4,PGP.44QI205_FWA.DACA.PV-COPY-2,,26-MAY-2026
597,NEITHER,STRM_COMP_ANALYSIS,MOL_PCT,MP Fuel Gas to GT4003,FUEL_GAS_MP_TO_GT4003,NC5,PGP.44QI206_FWA.DACA.PV-COPY-2,,26-MAY-2026
598,NEITHER,STRM_COMP_ANALYSIS,MOL_PCT,MP Fuel Gas to GT4004,FUEL_GAS_MP_TO_GT4004,C1,PGP.44QI202_FWA.DACA.PV-COPY-3,,26-MAY-2026
599,NEITHER,STRM_COMP_ANALYSIS,MOL_PCT,MP Fuel Gas to GT4004,FUEL_GAS_MP_TO_GT4004,C2,PGP.44QI203_FWA.DACA.PV-COPY-3,,26-MAY-2026
600,NEITHER,STRM_COMP_ANALYSIS,MOL_PCT,MP Fuel Gas to GT4004,FUEL_GAS_MP_TO_GT4004,C3,PGP.44QI204_FWA.DACA.PV-COPY-3,,26-MAY-2026
601,NEITHER,STRM_COMP_ANALYSIS,MOL_PCT,MP Fuel Gas to GT4004,FUEL_GAS_MP_TO_GT4004,CO2,PGP.44QI210_FWA.DACA.PV-COPY-3,,26-MAY-2026
602,NEITHER,STRM_COMP_ANALYSIS,MOL_PCT,MP Fuel Gas to GT4004,FUEL_GAS_MP_TO_GT4004,N2,PGP.44QI201_FWA.DACA.PV-COPY-3,,26-MAY-2026
603,NEITHER,STRM_COMP_ANALYSIS,MOL_PCT,MP Fuel Gas to GT4004,FUEL_GAS_MP_TO_GT4004,NC4,PGP.44QI205_FWA.DACA.PV-COPY-3,,26-MAY-2026
604,NEITHER,STRM_COMP_ANALYSIS,MOL_PCT,MP Fuel Gas to GT4004,FUEL_GAS_MP_TO_GT4004,NC5,PGP.44QI206_FWA.DACA.PV-COPY-3,,26-MAY-2026
605,NEITHER,STRM_COMP_ANALYSIS,MOL_PCT,Pluto User Group Natural Gas Feed Reference - Analyser 10QT001/002/003,PLU_FEED_REFERENCE,C1,PGP.10QY001_2B.PV,,26-MAY-2026
606,NEITHER,STRM_COMP_ANALYSIS,MOL_PCT,Pluto User Group Natural Gas Feed Reference - Analyser 10QT001/002/003,PLU_FEED_REFERENCE,C2,PGP.10QY001_2C.PV,,26-MAY-2026
607,NEITHER,STRM_COMP_ANALYSIS,MOL_PCT,Pluto User Group Natural Gas Feed Reference - Analyser 10QT001/002/003,PLU_FEED_REFERENCE,C3,PGP.10QY001_2D.PV,,26-MAY-2026
608,NEITHER,STRM_COMP_ANALYSIS,MOL_PCT,Pluto User Group Natural Gas Feed Reference - Analyser 10QT001/002/003,PLU_FEED_REFERENCE,C6+,PGP.10QY001_2L.PV,,26-MAY-2026
609,NEITHER,STRM_COMP_ANALYSIS,MOL_PCT,Pluto User Group Natural Gas Feed Reference - Analyser 10QT001/002/003,PLU_FEED_REFERENCE,CO2,PGP.10QY001_2T.PV,,26-MAY-2026
610,NEITHER,STRM_COMP_ANALYSIS,MOL_PCT,Pluto User Group Natural Gas Feed Reference - Analyser 10QT001/002/003,PLU_FEED_REFERENCE,IC4,PGP.10QY001_2E.PV,,26-MAY-2026
611,NEITHER,STRM_COMP_ANALYSIS,MOL_PCT,Pluto User Group Natural Gas Feed Reference - Analyser 10QT001/002/003,PLU_FEED_REFERENCE,IC5,PGP.10QY001_2G.PV,,26-MAY-2026
612,NEITHER,STRM_COMP_ANALYSIS,MOL_PCT,Pluto User Group Natural Gas Feed Reference - Analyser 10QT001/002/003,PLU_FEED_REFERENCE,N2,PGP.10QY001_2N.PV,,26-MAY-2026
613,NEITHER,STRM_COMP_ANALYSIS,MOL_PCT,Pluto User Group Natural Gas Feed Reference - Analyser 10QT001/002/003,PLU_FEED_REFERENCE,NC4,PGP.10QY001_2F.PV,,26-MAY-2026
614,NEITHER,STRM_COMP_ANALYSIS,MOL_PCT,Pluto User Group Natural Gas Feed Reference - Analyser 10QT001/002/003,PLU_FEED_REFERENCE,NC5,PGP.10QY001_2H.PV,,26-MAY-2026
615,NEITHER,STRM_COMP_ANALYSIS,MOL_PCT,Train 1 HP N2 Vent,VENT_T1_HP_N2,C1,PGP.TOT_HP_CH4_ATM_FWA_YDAY.DACA.PV,,26-MAY-2026
616,NEITHER,STRM_COMP_ANALYSIS,MOL_PCT,Train 1 HP N2 Vent,VENT_T1_HP_N2,C2,PAS.PGP_ZERO_TAG-COPY-14,,26-MAY-2026
617,NEITHER,STRM_COMP_ANALYSIS,MOL_PCT,Train 1 HP N2 Vent,VENT_T1_HP_N2,C3,PAS.PGP_ZERO_TAG-COPY-15,,26-MAY-2026
618,NEITHER,STRM_COMP_ANALYSIS,MOL_PCT,Train 1 HP N2 Vent,VENT_T1_HP_N2,C6+,PAS.PGP_ZERO_TAG-COPY-20,,26-MAY-2026
619,NEITHER,STRM_COMP_ANALYSIS,MOL_PCT,Train 1 HP N2 Vent,VENT_T1_HP_N2,CO2,PAS.PGP_ZERO_TAG-COPY-21,,26-MAY-2026
620,NEITHER,STRM_COMP_ANALYSIS,MOL_PCT,Train 1 HP N2 Vent,VENT_T1_HP_N2,IC4,PAS.PGP_ZERO_TAG-COPY-16,,26-MAY-2026
621,NEITHER,STRM_COMP_ANALYSIS,MOL_PCT,Train 1 HP N2 Vent,VENT_T1_HP_N2,IC5,PAS.PGP_ZERO_TAG-COPY-18,,26-MAY-2026
622,NEITHER,STRM_COMP_ANALYSIS,MOL_PCT,Train 1 HP N2 Vent,VENT_T1_HP_N2,NC4,PAS.PGP_ZERO_TAG-COPY-17,,26-MAY-2026
623,NEITHER,STRM_COMP_ANALYSIS,MOL_PCT,Train 1 HP N2 Vent,VENT_T1_HP_N2,NC5,PAS.PGP_ZERO_TAG-COPY-19,,26-MAY-2026
624,NEITHER,STRM_COMP_ANALYSIS,WT_PCT,1C1401 to E1405A/B,1C1401_TO_E1405AB,C1,PGP.114QI201W_FWA.DACA.PV,,26-MAY-2026
625,NEITHER,STRM_COMP_ANALYSIS,WT_PCT,1C1401 to E1405A/B,1C1401_TO_E1405AB,C2,PGP.114QI202W_FWA.DACA.PV,,26-MAY-2026
626,NEITHER,STRM_COMP_ANALYSIS,WT_PCT,1C1401 to E1405A/B,1C1401_TO_E1405AB,C3,PGP.114QI203W_FWA.DACA.PV,,26-MAY-2026
627,NEITHER,STRM_COMP_ANALYSIS,WT_PCT,1C1401 to E1405A/B,1C1401_TO_E1405AB,IC4,PGP.114QI204W_FWA.DACA.PV,,26-MAY-2026
628,NEITHER,STRM_COMP_ANALYSIS,WT_PCT,1C1401 to E1405A/B,1C1401_TO_E1405AB,N2,PGP.114QI207W_FWA.DACA.PV,,26-MAY-2026
629,NEITHER,STRM_COMP_ANALYSIS,WT_PCT,1C1401 to E1405A/B,1C1401_TO_E1405AB,NC4,PGP.114QI205W_FWA.DACA.PV,,26-MAY-2026
630,NEITHER,STRM_COMP_ANALYSIS,WT_PCT,1C1401 to E1405A/B,1C1401_TO_E1405AB,NC5,PGP.114QI206W_FWA.DACA.PV,,26-MAY-2026
631,NEITHER,STRM_COMP_ANALYSIS,WT_PCT,Flare Pilot (Site A),FLARE_PILOT_A,C1,PGP.44QI202W_FWA.DACA.PV,,26-MAY-2026
632,NEITHER,STRM_COMP_ANALYSIS,WT_PCT,Flare Pilot (Site A),FLARE_PILOT_A,C2,PGP.44QI203W_FWA.DACA.PV,,26-MAY-2026
633,NEITHER,STRM_COMP_ANALYSIS,WT_PCT,Flare Pilot (Site A),FLARE_PILOT_A,C3,PGP.44QI204W_FWA.DACA.PV,,26-MAY-2026
634,NEITHER,STRM_COMP_ANALYSIS,WT_PCT,Flare Pilot (Site A),FLARE_PILOT_A,CO2,PGP.44QI210W_FWA.DACA.PV,,26-MAY-2026
635,NEITHER,STRM_COMP_ANALYSIS,WT_PCT,Flare Pilot (Site A),FLARE_PILOT_A,N2,PGP.44QI201W_FWA.DACA.PV,,26-MAY-2026
636,NEITHER,STRM_COMP_ANALYSIS,WT_PCT,Flare Pilot (Site A),FLARE_PILOT_A,NC4,PGP.44QI205W_FWA.DACA.PV,,26-MAY-2026
637,NEITHER,STRM_COMP_ANALYSIS,WT_PCT,Flare Pilot (Site A),FLARE_PILOT_A,NC5,PGP.44QI206W_FWA.DACA.PV,,26-MAY-2026
638,NEITHER,STRM_COMP_ANALYSIS,WT_PCT,Pluto-NWS Interconnector Export,PNI_EXPORT,C1,PGP.56QQ211A.PV,,26-MAY-2026
639,NEITHER,STRM_COMP_ANALYSIS,WT_PCT,Pluto-NWS Interconnector Export,PNI_EXPORT,C2,PGP.56QQ212A.PV,,26-MAY-2026
640,NEITHER,STRM_COMP_ANALYSIS,WT_PCT,Pluto-NWS Interconnector Export,PNI_EXPORT,C3,PGP.56QQ213A.PV,,26-MAY-2026
641,NEITHER,STRM_COMP_ANALYSIS,WT_PCT,Pluto-NWS Interconnector Export,PNI_EXPORT,C6+,PAS.PGP_VT_56QQ218A_C6+,,26-MAY-2026
642,NEITHER,STRM_COMP_ANALYSIS,WT_PCT,Pluto-NWS Interconnector Export,PNI_EXPORT,CO2,PGP.56QQ223A.PV,,26-MAY-2026
643,NEITHER,STRM_COMP_ANALYSIS,WT_PCT,Pluto-NWS Interconnector Export,PNI_EXPORT,IC4,PGP.56QQ214A.PV,,26-MAY-2026
644,NEITHER,STRM_COMP_ANALYSIS,WT_PCT,Pluto-NWS Interconnector Export,PNI_EXPORT,IC5,PGP.56QQ216A.PV,,26-MAY-2026
645,NEITHER,STRM_COMP_ANALYSIS,WT_PCT,Pluto-NWS Interconnector Export,PNI_EXPORT,N2,PGP.56QQ222A.PV,,26-MAY-2026
646,NEITHER,STRM_COMP_ANALYSIS,WT_PCT,Pluto-NWS Interconnector Export,PNI_EXPORT,NC4,PGP.56QQ215A.PV,,26-MAY-2026
647,NEITHER,STRM_COMP_ANALYSIS,WT_PCT,Pluto-NWS Interconnector Export,PNI_EXPORT,NC5,PGP.56QQ217A.PV,,26-MAY-2026
648,NEITHER,TANK_DAY_DIP_STATUS,AVG_TEMP,Condensate Tank T3301,PLU_COND_TANK_1,,PGP.T3301_TEMP.TEMP.PV,,26-MAY-2026
649,NEITHER,TANK_DAY_DIP_STATUS,AVG_TEMP,Condensate Tank T3302,PLU_COND_TANK_2,,PGP.T3302_TEMP.TEMP.PV,,26-MAY-2026
650,NEITHER,TANK_DAY_DIP_STATUS,AVG_TEMP,Condensate Tank T3303,PLU_COND_TANK_3,,PGP.T3303_TEMP.TEMP.PV,,26-MAY-2026
651,NEITHER,TANK_DAY_DIP_STATUS,AVG_TEMP,LNG Tank 3101,T_LNG_T3101,,PGP.34LDI005_5.PV,,26-MAY-2026
652,NEITHER,TANK_DAY_DIP_STATUS,AVG_TEMP,LNG Tank 3102,T_LNG_T3102,,PGP.34LDI006_19.PV,,26-MAY-2026
653,NEITHER,TANK_DAY_DIP_STATUS,GRS_VOL,Condensate Tank T3301,PLU_COND_TANK_1,,PGP.T3301_TOTS.VOLUME.PV,,26-MAY-2026
654,NEITHER,TANK_DAY_DIP_STATUS,GRS_VOL,Condensate Tank T3302,PLU_COND_TANK_2,,PGP.T3302_TOTS.VOLUME.PV,,26-MAY-2026
655,NEITHER,TANK_DAY_DIP_STATUS,GRS_VOL,Condensate Tank T3303,PLU_COND_TANK_3,,PGP.T3303_TOTS.VOLUME.PV,,26-MAY-2026
656,NEITHER,TANK_DAY_DIP_STATUS,GRS_VOL,LNG Tank 3101,T_LNG_T3101,,PGP.T3101_TOTS.VOLUME.PV,,26-MAY-2026
657,NEITHER,TANK_DAY_DIP_STATUS,GRS_VOL,LNG Tank 3102,T_LNG_T3102,,PGP.T3102_TOTS.VOLUME.PV,,26-MAY-2026
658,NEITHER,TANK_DAY_DIP_STATUS,MEAS_STD_DENSITY,LNG Tank 3101,T_LNG_T3101,,PGP.34LDI005_6.PV,,26-MAY-2026
659,NEITHER,TANK_DAY_DIP_STATUS,MEAS_STD_DENSITY,LNG Tank 3102,T_LNG_T3102,,PGP.34LDI006_18.PV,,26-MAY-2026
660,NEITHER,TANK_DAY_DIP_STATUS,ZWP_GRS_MASS,LNG Tank 3101,T_LNG_T3101,,PGP.T3101_TOTS.MASS.PV,TONNES,26-MAY-2026
661,NEITHER,TANK_DAY_DIP_STATUS,ZWP_GRS_MASS,LNG Tank 3102,T_LNG_T3102,,PGP.T3102_TOTS.MASS.PV,TONNES,26-MAY-2026
