#,VALIDATION_STATUS,DATA_CLASS,ATTRIBUTE,OBJECT_NAME,OBJECT_CODE,COMPONENT,TAG_ID,FROM_UNIT,TO_UNIT,LAST_TRANSFER,CHECK_RULE_ID,CLASS_VALIDATION_NAME
1,NEITHER,STRM_ANALYSIS,DENSITY,HP Fuel Gas to 1KT1410,FUEL_GAS_HP_TO_1KT1410,STRM_GAS_COMP,PGP.114FT058_FWA.PREV_DAY_SDENS.PV,,,26-MAY-2026,NONE,NONE
2,NEITHER,STRM_ANALYSIS,DENSITY,HP Fuel Gas to 1KT1430,FUEL_GAS_HP_TO_1KT1430,STRM_GAS_COMP,PGP.114FT059_FWA.PREV_DAY_SDENS.PV,,,26-MAY-2026,NONE,NONE
3,NEITHER,STRM_ANALYSIS,DENSITY,MP Fuel Gas to GT4001,FUEL_GAS_MP_TO_GT4001,STRM_GAS_COMP,PGP.401FE001_FWA.PREV_DAY_SDENS.PV,,,26-MAY-2026,NONE,NONE
4,NEITHER,STRM_ANALYSIS,DENSITY,MP Fuel Gas to GT4002,FUEL_GAS_MP_TO_GT4002,STRM_GAS_COMP,PGP.402FE001_FWA.PREV_DAY_SDENS.PV,,,26-MAY-2026,NONE,NONE
5,NEITHER,STRM_ANALYSIS,DENSITY,MP Fuel Gas to GT4003,FUEL_GAS_MP_TO_GT4003,STRM_GAS_COMP,PGP.403FE001_FWA.PREV_DAY_SDENS.PV,,,26-MAY-2026,NONE,NONE
6,NEITHER,STRM_ANALYSIS,DENSITY,MP Fuel Gas to GT4004,FUEL_GAS_MP_TO_GT4004,STRM_GAS_COMP,PGP.404FE001_FWA.PREV_DAY_SDENS.PV,,,26-MAY-2026,NONE,NONE
7,NEITHER,STRM_ANALYSIS,GCV,Flare Pilot (Site A),FLARE_PILOT_A,STRM_GAS_COMP,PGP.44QI210A.PV,MJPERSM3,GJPERSM3,26-MAY-2026,NONE,NONE
8,NEITHER,STRM_ANALYSIS,GCV,Flare Pilot (Site B),FLARE_PILOT_B,STRM_GAS_COMP,PGP.44QI210A.PV-COPY-1,MJPERSM3,GJPERSM3,26-MAY-2026,NONE,NONE
9,NEITHER,STRM_ANALYSIS,GCV,Fuel Gas to Train 1 RTO Pilots,FUEL_TO_T1_RTO_PILOT,STRM_GAS_COMP,PGP.44QI210A.PV-COPY-2,MJPERSM3,GJPERSM3,26-MAY-2026,NONE,NONE
10,NEITHER,STRM_ANALYSIS,GCV,HP Fuel Gas to 1KT1410,FUEL_GAS_HP_TO_1KT1410,STRM_GAS_COMP,PGP.114FT058_FWA.PREV_DAY_CV.PV,,,26-MAY-2026,NONE,NONE
11,NEITHER,STRM_ANALYSIS,GCV,HP Fuel Gas to 1KT1430,FUEL_GAS_HP_TO_1KT1430,STRM_GAS_COMP,PGP.114FT059_FWA.PREV_DAY_CV.PV,,,26-MAY-2026,NONE,NONE
12,NEITHER,STRM_ANALYSIS,GCV,MP Fuel Gas to GT4001,FUEL_GAS_MP_TO_GT4001,STRM_GAS_COMP,PGP.401FE001_FWA.PREV_DAY_CV.PV,,,26-MAY-2026,NONE,NONE
13,NEITHER,STRM_ANALYSIS,GCV,MP Fuel Gas to GT4002,FUEL_GAS_MP_TO_GT4002,STRM_GAS_COMP,PGP.402FE001_FWA.PREV_DAY_CV.PV,,,26-MAY-2026,NONE,NONE
14,NEITHER,STRM_ANALYSIS,GCV,MP Fuel Gas to GT4003,FUEL_GAS_MP_TO_GT4003,STRM_GAS_COMP,PGP.403FE001_FWA.PREV_DAY_CV.PV,,,26-MAY-2026,NONE,NONE
15,NEITHER,STRM_ANALYSIS,GCV,MP Fuel Gas to GT4004,FUEL_GAS_MP_TO_GT4004,STRM_GAS_COMP,PGP.404FE001_FWA.PREV_DAY_CV.PV,,,26-MAY-2026,NONE,NONE
16,NEITHER,STRM_COMP_ANALYSIS,MOL_PCT,1C1401 to E1405A/B,1C1401_TO_E1405AB,C1,PGP.114QI201_FWA.DACA.PV,,,26-MAY-2026,NONE,NONE
17,NEITHER,STRM_COMP_ANALYSIS,MOL_PCT,1C1401 to E1405A/B,1C1401_TO_E1405AB,C2,PGP.114QI202_FWA.DACA.PV,,,26-MAY-2026,NONE,NONE
18,NEITHER,STRM_COMP_ANALYSIS,MOL_PCT,1C1401 to E1405A/B,1C1401_TO_E1405AB,C3,PGP.114QI203_FWA.DACA.PV,,,26-MAY-2026,NONE,NONE
19,NEITHER,STRM_COMP_ANALYSIS,MOL_PCT,1C1401 to E1405A/B,1C1401_TO_E1405AB,IC4,PGP.114QI204_FWA.DACA.PV,,,26-MAY-2026,NONE,NONE
20,NEITHER,STRM_COMP_ANALYSIS,MOL_PCT,1C1401 to E1405A/B,1C1401_TO_E1405AB,N2,PGP.114QI207_FWA.DACA.PV,,,31-DEC-2025,NONE,NONE
21,NEITHER,STRM_COMP_ANALYSIS,MOL_PCT,1C1401 to E1405A/B,1C1401_TO_E1405AB,NC4,PGP.114QI205_FWA.DACA.PV,,,26-MAY-2026,NONE,NONE
22,NEITHER,STRM_COMP_ANALYSIS,MOL_PCT,1C1401 to E1405A/B,1C1401_TO_E1405AB,NC5,PGP.114QI206_FWA.DACA.PV,,,26-MAY-2026,NONE,NONE
23,NEITHER,STRM_COMP_ANALYSIS,MOL_PCT,DBNGP Pipeline Export Gas,DBNGP_PG_EXPORT_GAS,C1,PGP.44QI210E.PV,,,26-MAY-2026,NONE,NONE
24,NEITHER,STRM_COMP_ANALYSIS,MOL_PCT,DBNGP Pipeline Export Gas,DBNGP_PG_EXPORT_GAS,C2,PGP.44QI210F.PV,,,26-MAY-2026,NONE,NONE
25,NEITHER,STRM_COMP_ANALYSIS,MOL_PCT,DBNGP Pipeline Export Gas,DBNGP_PG_EXPORT_GAS,C3,PGP.44QI210G.PV,,,26-MAY-2026,NONE,NONE
26,NEITHER,STRM_COMP_ANALYSIS,MOL_PCT,DBNGP Pipeline Export Gas,DBNGP_PG_EXPORT_GAS,C6+,PGP.44QI210M.PV,,,26-MAY-2026,NONE,NONE
27,NEITHER,STRM_COMP_ANALYSIS,MOL_PCT,DBNGP Pipeline Export Gas,DBNGP_PG_EXPORT_GAS,CO2,PGP.44QI210C.PV,,,26-MAY-2026,NONE,NONE
28,NEITHER,STRM_COMP_ANALYSIS,MOL_PCT,DBNGP Pipeline Export Gas,DBNGP_PG_EXPORT_GAS,IC4,PGP.44QI210H.PV,,,26-MAY-2026,NONE,NONE
29,NEITHER,STRM_COMP_ANALYSIS,MOL_PCT,DBNGP Pipeline Export Gas,DBNGP_PG_EXPORT_GAS,IC5,PGP.44QI210J.PV,,,26-MAY-2026,NONE,NONE
30,NEITHER,STRM_COMP_ANALYSIS,MOL_PCT,DBNGP Pipeline Export Gas,DBNGP_PG_EXPORT_GAS,N2,PGP.44QI210D.PV,,,26-MAY-2026,NONE,NONE
31,NEITHER,STRM_COMP_ANALYSIS,MOL_PCT,DBNGP Pipeline Export Gas,DBNGP_PG_EXPORT_GAS,NC4,PGP.44QI210I.PV,,,26-MAY-2026,NONE,NONE
32,NEITHER,STRM_COMP_ANALYSIS,MOL_PCT,DBNGP Pipeline Export Gas,DBNGP_PG_EXPORT_GAS,NC5,PGP.44QI210K.PV,,,26-MAY-2026,NONE,NONE
33,NEITHER,STRM_COMP_ANALYSIS,MOL_PCT,HP Fuel Gas to 1KT1410,FUEL_GAS_HP_TO_1KT1410,C1,PGP.44QI102_FWA.DACA.PV,,,26-MAY-2026,NONE,NONE
34,NEITHER,STRM_COMP_ANALYSIS,MOL_PCT,HP Fuel Gas to 1KT1410,FUEL_GAS_HP_TO_1KT1410,C2,PGP.44QI103_FWA.DACA.PV,,,26-MAY-2026,NONE,NONE
35,NEITHER,STRM_COMP_ANALYSIS,MOL_PCT,HP Fuel Gas to 1KT1410,FUEL_GAS_HP_TO_1KT1410,C3,PGP.44QI104_FWA.DACA.PV,,,26-MAY-2026,NONE,NONE
36,NEITHER,STRM_COMP_ANALYSIS,MOL_PCT,HP Fuel Gas to 1KT1410,FUEL_GAS_HP_TO_1KT1410,CO2,PGP.44QI110_FWA.DACA.PV,,,26-MAY-2026,NONE,NONE
37,NEITHER,STRM_COMP_ANALYSIS,MOL_PCT,HP Fuel Gas to 1KT1410,FUEL_GAS_HP_TO_1KT1410,N2,PGP.44QI101_FWA.DACA.PV,,,26-MAY-2026,NONE,NONE
38,NEITHER,STRM_COMP_ANALYSIS,MOL_PCT,HP Fuel Gas to 1KT1410,FUEL_GAS_HP_TO_1KT1410,NC4,PGP.44QI105_FWA.DACA.PV,,,26-MAY-2026,NONE,NONE
39,NEITHER,STRM_COMP_ANALYSIS,MOL_PCT,HP Fuel Gas to 1KT1410,FUEL_GAS_HP_TO_1KT1410,NC5,PGP.44QI106_FWA.DACA.PV,,,26-MAY-2026,NONE,NONE
40,NEITHER,STRM_COMP_ANALYSIS,MOL_PCT,HP Fuel Gas to 1KT1430,FUEL_GAS_HP_TO_1KT1430,C1,PGP.44QI102_FWA.DACA.PV-COPY-1,,,26-MAY-2026,NONE,NONE
41,NEITHER,STRM_COMP_ANALYSIS,MOL_PCT,HP Fuel Gas to 1KT1430,FUEL_GAS_HP_TO_1KT1430,C2,PGP.44QI103_FWA.DACA.PV-COPY-1,,,26-MAY-2026,NONE,NONE
42,NEITHER,STRM_COMP_ANALYSIS,MOL_PCT,HP Fuel Gas to 1KT1430,FUEL_GAS_HP_TO_1KT1430,C3,PGP.44QI104_FWA.DACA.PV-COPY-1,,,26-MAY-2026,NONE,NONE
43,NEITHER,STRM_COMP_ANALYSIS,MOL_PCT,HP Fuel Gas to 1KT1430,FUEL_GAS_HP_TO_1KT1430,CO2,PGP.44QI110_FWA.DACA.PV-COPY-1,,,26-MAY-2026,NONE,NONE
44,NEITHER,STRM_COMP_ANALYSIS,MOL_PCT,HP Fuel Gas to 1KT1430,FUEL_GAS_HP_TO_1KT1430,N2,PGP.44QI101_FWA.DACA.PV-COPY-1,,,26-MAY-2026,NONE,NONE
45,NEITHER,STRM_COMP_ANALYSIS,MOL_PCT,HP Fuel Gas to 1KT1430,FUEL_GAS_HP_TO_1KT1430,NC4,PGP.44QI105_FWA.DACA.PV-COPY-1,,,26-MAY-2026,NONE,NONE
46,NEITHER,STRM_COMP_ANALYSIS,MOL_PCT,HP Fuel Gas to 1KT1430,FUEL_GAS_HP_TO_1KT1430,NC5,PGP.44QI106_FWA.DACA.PV-COPY-1,,,26-MAY-2026,NONE,NONE
47,NEITHER,STRM_COMP_ANALYSIS,MOL_PCT,MP Fuel Gas to GT4001,FUEL_GAS_MP_TO_GT4001,C1,PGP.44QI202_FWA.DACA.PV,,,26-MAY-2026,NONE,NONE
48,NEITHER,STRM_COMP_ANALYSIS,MOL_PCT,MP Fuel Gas to GT4001,FUEL_GAS_MP_TO_GT4001,C2,PGP.44QI203_FWA.DACA.PV,,,26-MAY-2026,NONE,NONE
49,NEITHER,STRM_COMP_ANALYSIS,MOL_PCT,MP Fuel Gas to GT4001,FUEL_GAS_MP_TO_GT4001,C3,PGP.44QI204_FWA.DACA.PV,,,26-MAY-2026,NONE,NONE
50,NEITHER,STRM_COMP_ANALYSIS,MOL_PCT,MP Fuel Gas to GT4001,FUEL_GAS_MP_TO_GT4001,CO2,PGP.44QI210_FWA.DACA.PV,,,26-MAY-2026,NONE,NONE
51,NEITHER,STRM_COMP_ANALYSIS,MOL_PCT,MP Fuel Gas to GT4001,FUEL_GAS_MP_TO_GT4001,N2,PGP.44QI201_FWA.DACA.PV,,,26-MAY-2026,NONE,NONE
52,NEITHER,STRM_COMP_ANALYSIS,MOL_PCT,MP Fuel Gas to GT4001,FUEL_GAS_MP_TO_GT4001,NC4,PGP.44QI205_FWA.DACA.PV,,,26-MAY-2026,NONE,NONE
53,NEITHER,STRM_COMP_ANALYSIS,MOL_PCT,MP Fuel Gas to GT4001,FUEL_GAS_MP_TO_GT4001,NC5,PGP.44QI206_FWA.DACA.PV,,,26-MAY-2026,NONE,NONE
54,NEITHER,STRM_COMP_ANALYSIS,MOL_PCT,MP Fuel Gas to GT4002,FUEL_GAS_MP_TO_GT4002,C1,PGP.44QI202_FWA.DACA.PV-COPY-1,,,26-MAY-2026,NONE,NONE
55,NEITHER,STRM_COMP_ANALYSIS,MOL_PCT,MP Fuel Gas to GT4002,FUEL_GAS_MP_TO_GT4002,C2,PGP.44QI203_FWA.DACA.PV-COPY-1,,,26-MAY-2026,NONE,NONE
56,NEITHER,STRM_COMP_ANALYSIS,MOL_PCT,MP Fuel Gas to GT4002,FUEL_GAS_MP_TO_GT4002,C3,PGP.44QI204_FWA.DACA.PV-COPY-1,,,26-MAY-2026,NONE,NONE
57,NEITHER,STRM_COMP_ANALYSIS,MOL_PCT,MP Fuel Gas to GT4002,FUEL_GAS_MP_TO_GT4002,CO2,PGP.44QI210_FWA.DACA.PV-COPY-1,,,26-MAY-2026,NONE,NONE
58,NEITHER,STRM_COMP_ANALYSIS,MOL_PCT,MP Fuel Gas to GT4002,FUEL_GAS_MP_TO_GT4002,N2,PGP.44QI201_FWA.DACA.PV-COPY-1,,,26-MAY-2026,NONE,NONE
59,NEITHER,STRM_COMP_ANALYSIS,MOL_PCT,MP Fuel Gas to GT4002,FUEL_GAS_MP_TO_GT4002,NC4,PGP.44QI205_FWA.DACA.PV-COPY-1,,,26-MAY-2026,NONE,NONE
60,NEITHER,STRM_COMP_ANALYSIS,MOL_PCT,MP Fuel Gas to GT4002,FUEL_GAS_MP_TO_GT4002,NC5,PGP.44QI206_FWA.DACA.PV-COPY-1,,,26-MAY-2026,NONE,NONE
61,NEITHER,STRM_COMP_ANALYSIS,MOL_PCT,MP Fuel Gas to GT4003,FUEL_GAS_MP_TO_GT4003,C1,PGP.44QI202_FWA.DACA.PV-COPY-2,,,26-MAY-2026,NONE,NONE
62,NEITHER,STRM_COMP_ANALYSIS,MOL_PCT,MP Fuel Gas to GT4003,FUEL_GAS_MP_TO_GT4003,C2,PGP.44QI203_FWA.DACA.PV-COPY-2,,,26-MAY-2026,NONE,NONE
63,NEITHER,STRM_COMP_ANALYSIS,MOL_PCT,MP Fuel Gas to GT4003,FUEL_GAS_MP_TO_GT4003,C3,PGP.44QI204_FWA.DACA.PV-COPY-2,,,26-MAY-2026,NONE,NONE
64,NEITHER,STRM_COMP_ANALYSIS,MOL_PCT,MP Fuel Gas to GT4003,FUEL_GAS_MP_TO_GT4003,CO2,PGP.44QI210_FWA.DACA.PV-COPY-2,,,26-MAY-2026,NONE,NONE
65,NEITHER,STRM_COMP_ANALYSIS,MOL_PCT,MP Fuel Gas to GT4003,FUEL_GAS_MP_TO_GT4003,N2,PGP.44QI201_FWA.DACA.PV-COPY-2,,,26-MAY-2026,NONE,NONE
66,NEITHER,STRM_COMP_ANALYSIS,MOL_PCT,MP Fuel Gas to GT4003,FUEL_GAS_MP_TO_GT4003,NC4,PGP.44QI205_FWA.DACA.PV-COPY-2,,,26-MAY-2026,NONE,NONE
67,NEITHER,STRM_COMP_ANALYSIS,MOL_PCT,MP Fuel Gas to GT4003,FUEL_GAS_MP_TO_GT4003,NC5,PGP.44QI206_FWA.DACA.PV-COPY-2,,,26-MAY-2026,NONE,NONE
68,NEITHER,STRM_COMP_ANALYSIS,MOL_PCT,MP Fuel Gas to GT4004,FUEL_GAS_MP_TO_GT4004,C1,PGP.44QI202_FWA.DACA.PV-COPY-3,,,26-MAY-2026,NONE,NONE
69,NEITHER,STRM_COMP_ANALYSIS,MOL_PCT,MP Fuel Gas to GT4004,FUEL_GAS_MP_TO_GT4004,C2,PGP.44QI203_FWA.DACA.PV-COPY-3,,,26-MAY-2026,NONE,NONE
70,NEITHER,STRM_COMP_ANALYSIS,MOL_PCT,MP Fuel Gas to GT4004,FUEL_GAS_MP_TO_GT4004,C3,PGP.44QI204_FWA.DACA.PV-COPY-3,,,26-MAY-2026,NONE,NONE
71,NEITHER,STRM_COMP_ANALYSIS,MOL_PCT,MP Fuel Gas to GT4004,FUEL_GAS_MP_TO_GT4004,CO2,PGP.44QI210_FWA.DACA.PV-COPY-3,,,26-MAY-2026,NONE,NONE
72,NEITHER,STRM_COMP_ANALYSIS,MOL_PCT,MP Fuel Gas to GT4004,FUEL_GAS_MP_TO_GT4004,N2,PGP.44QI201_FWA.DACA.PV-COPY-3,,,26-MAY-2026,NONE,NONE
73,NEITHER,STRM_COMP_ANALYSIS,MOL_PCT,MP Fuel Gas to GT4004,FUEL_GAS_MP_TO_GT4004,NC4,PGP.44QI205_FWA.DACA.PV-COPY-3,,,26-MAY-2026,NONE,NONE
74,NEITHER,STRM_COMP_ANALYSIS,MOL_PCT,MP Fuel Gas to GT4004,FUEL_GAS_MP_TO_GT4004,NC5,PGP.44QI206_FWA.DACA.PV-COPY-3,,,26-MAY-2026,NONE,NONE
75,NEITHER,STRM_COMP_ANALYSIS,MOL_PCT,Pluto User Group Natural Gas Feed Reference - Analyser 10QT001/002/003,PLU_FEED_REFERENCE,C1,PGP.10QY001_2B.PV,,,26-MAY-2026,NONE,NONE
76,NEITHER,STRM_COMP_ANALYSIS,MOL_PCT,Pluto User Group Natural Gas Feed Reference - Analyser 10QT001/002/003,PLU_FEED_REFERENCE,C2,PGP.10QY001_2C.PV,,,26-MAY-2026,NONE,NONE
77,NEITHER,STRM_COMP_ANALYSIS,MOL_PCT,Pluto User Group Natural Gas Feed Reference - Analyser 10QT001/002/003,PLU_FEED_REFERENCE,C3,PGP.10QY001_2D.PV,,,26-MAY-2026,NONE,NONE
78,NEITHER,STRM_COMP_ANALYSIS,MOL_PCT,Pluto User Group Natural Gas Feed Reference - Analyser 10QT001/002/003,PLU_FEED_REFERENCE,C6+,PGP.10QY001_2L.PV,,,26-MAY-2026,NONE,NONE
79,NEITHER,STRM_COMP_ANALYSIS,MOL_PCT,Pluto User Group Natural Gas Feed Reference - Analyser 10QT001/002/003,PLU_FEED_REFERENCE,CO2,PGP.10QY001_2T.PV,,,26-MAY-2026,NONE,NONE
80,NEITHER,STRM_COMP_ANALYSIS,MOL_PCT,Pluto User Group Natural Gas Feed Reference - Analyser 10QT001/002/003,PLU_FEED_REFERENCE,IC4,PGP.10QY001_2E.PV,,,26-MAY-2026,NONE,NONE
81,NEITHER,STRM_COMP_ANALYSIS,MOL_PCT,Pluto User Group Natural Gas Feed Reference - Analyser 10QT001/002/003,PLU_FEED_REFERENCE,IC5,PGP.10QY001_2G.PV,,,26-MAY-2026,NONE,NONE
82,NEITHER,STRM_COMP_ANALYSIS,MOL_PCT,Pluto User Group Natural Gas Feed Reference - Analyser 10QT001/002/003,PLU_FEED_REFERENCE,N2,PGP.10QY001_2N.PV,,,26-MAY-2026,NONE,NONE
83,NEITHER,STRM_COMP_ANALYSIS,MOL_PCT,Pluto User Group Natural Gas Feed Reference - Analyser 10QT001/002/003,PLU_FEED_REFERENCE,NC4,PGP.10QY001_2F.PV,,,26-MAY-2026,NONE,NONE
84,NEITHER,STRM_COMP_ANALYSIS,MOL_PCT,Pluto User Group Natural Gas Feed Reference - Analyser 10QT001/002/003,PLU_FEED_REFERENCE,NC5,PGP.10QY001_2H.PV,,,26-MAY-2026,NONE,NONE
85,NEITHER,STRM_COMP_ANALYSIS,MOL_PCT,Train 1 HP N2 Vent,VENT_T1_HP_N2,C1,PGP.TOT_HP_CH4_ATM_FWA_YDAY.DACA.PV,,,26-MAY-2026,NONE,NONE
86,NEITHER,STRM_COMP_ANALYSIS,MOL_PCT,Train 1 HP N2 Vent,VENT_T1_HP_N2,C2,PAS.PGP_ZERO_TAG-COPY-14,,,26-MAY-2026,NONE,NONE
87,NEITHER,STRM_COMP_ANALYSIS,MOL_PCT,Train 1 HP N2 Vent,VENT_T1_HP_N2,C3,PAS.PGP_ZERO_TAG-COPY-15,,,26-MAY-2026,NONE,NONE
88,NEITHER,STRM_COMP_ANALYSIS,MOL_PCT,Train 1 HP N2 Vent,VENT_T1_HP_N2,C6+,PAS.PGP_ZERO_TAG-COPY-20,,,26-MAY-2026,NONE,NONE
89,NEITHER,STRM_COMP_ANALYSIS,MOL_PCT,Train 1 HP N2 Vent,VENT_T1_HP_N2,CO2,PAS.PGP_ZERO_TAG-COPY-21,,,26-MAY-2026,NONE,NONE
90,NEITHER,STRM_COMP_ANALYSIS,MOL_PCT,Train 1 HP N2 Vent,VENT_T1_HP_N2,IC4,PAS.PGP_ZERO_TAG-COPY-16,,,26-MAY-2026,NONE,NONE
91,NEITHER,STRM_COMP_ANALYSIS,MOL_PCT,Train 1 HP N2 Vent,VENT_T1_HP_N2,IC5,PAS.PGP_ZERO_TAG-COPY-18,,,26-MAY-2026,NONE,NONE
92,NEITHER,STRM_COMP_ANALYSIS,MOL_PCT,Train 1 HP N2 Vent,VENT_T1_HP_N2,NC4,PAS.PGP_ZERO_TAG-COPY-17,,,26-MAY-2026,NONE,NONE
93,NEITHER,STRM_COMP_ANALYSIS,MOL_PCT,Train 1 HP N2 Vent,VENT_T1_HP_N2,NC5,PAS.PGP_ZERO_TAG-COPY-19,,,26-MAY-2026,NONE,NONE
94,NEITHER,STRM_COMP_ANALYSIS,WT_PCT,1C1401 to E1405A/B,1C1401_TO_E1405AB,C1,PGP.114QI201W_FWA.DACA.PV,,,26-MAY-2026,NONE,NONE
95,NEITHER,STRM_COMP_ANALYSIS,WT_PCT,1C1401 to E1405A/B,1C1401_TO_E1405AB,C2,PGP.114QI202W_FWA.DACA.PV,,,26-MAY-2026,NONE,NONE
96,NEITHER,STRM_COMP_ANALYSIS,WT_PCT,1C1401 to E1405A/B,1C1401_TO_E1405AB,C3,PGP.114QI203W_FWA.DACA.PV,,,26-MAY-2026,NONE,NONE
97,NEITHER,STRM_COMP_ANALYSIS,WT_PCT,1C1401 to E1405A/B,1C1401_TO_E1405AB,IC4,PGP.114QI204W_FWA.DACA.PV,,,26-MAY-2026,NONE,NONE
98,NEITHER,STRM_COMP_ANALYSIS,WT_PCT,1C1401 to E1405A/B,1C1401_TO_E1405AB,N2,PGP.114QI207W_FWA.DACA.PV,,,26-MAY-2026,NONE,NONE
99,NEITHER,STRM_COMP_ANALYSIS,WT_PCT,1C1401 to E1405A/B,1C1401_TO_E1405AB,NC4,PGP.114QI205W_FWA.DACA.PV,,,26-MAY-2026,NONE,NONE
100,NEITHER,STRM_COMP_ANALYSIS,WT_PCT,1C1401 to E1405A/B,1C1401_TO_E1405AB,NC5,PGP.114QI206W_FWA.DACA.PV,,,26-MAY-2026,NONE,NONE
101,NEITHER,STRM_COMP_ANALYSIS,WT_PCT,Flare Pilot (Site A),FLARE_PILOT_A,C1,PGP.44QI202W_FWA.DACA.PV,,,26-MAY-2026,NONE,NONE
102,NEITHER,STRM_COMP_ANALYSIS,WT_PCT,Flare Pilot (Site A),FLARE_PILOT_A,C2,PGP.44QI203W_FWA.DACA.PV,,,26-MAY-2026,NONE,NONE
103,NEITHER,STRM_COMP_ANALYSIS,WT_PCT,Flare Pilot (Site A),FLARE_PILOT_A,C3,PGP.44QI204W_FWA.DACA.PV,,,26-MAY-2026,NONE,NONE
104,NEITHER,STRM_COMP_ANALYSIS,WT_PCT,Flare Pilot (Site A),FLARE_PILOT_A,CO2,PGP.44QI210W_FWA.DACA.PV,,,26-MAY-2026,NONE,NONE
105,NEITHER,STRM_COMP_ANALYSIS,WT_PCT,Flare Pilot (Site A),FLARE_PILOT_A,N2,PGP.44QI201W_FWA.DACA.PV,,,26-MAY-2026,NONE,NONE
106,NEITHER,STRM_COMP_ANALYSIS,WT_PCT,Flare Pilot (Site A),FLARE_PILOT_A,NC4,PGP.44QI205W_FWA.DACA.PV,,,26-MAY-2026,NONE,NONE
107,NEITHER,STRM_COMP_ANALYSIS,WT_PCT,Flare Pilot (Site A),FLARE_PILOT_A,NC5,PGP.44QI206W_FWA.DACA.PV,,,26-MAY-2026,NONE,NONE
108,NEITHER,STRM_COMP_ANALYSIS,WT_PCT,Pluto-NWS Interconnector Export,PNI_EXPORT,C1,PGP.56QQ211A.PV,,,26-MAY-2026,NONE,NONE
109,NEITHER,STRM_COMP_ANALYSIS,WT_PCT,Pluto-NWS Interconnector Export,PNI_EXPORT,C2,PGP.56QQ212A.PV,,,26-MAY-2026,NONE,NONE
110,NEITHER,STRM_COMP_ANALYSIS,WT_PCT,Pluto-NWS Interconnector Export,PNI_EXPORT,C3,PGP.56QQ213A.PV,,,26-MAY-2026,NONE,NONE
111,NEITHER,STRM_COMP_ANALYSIS,WT_PCT,Pluto-NWS Interconnector Export,PNI_EXPORT,C6+,PAS.PGP_VT_56QQ218A_C6+,,,26-MAY-2026,NONE,NONE
112,NEITHER,STRM_COMP_ANALYSIS,WT_PCT,Pluto-NWS Interconnector Export,PNI_EXPORT,CO2,PGP.56QQ223A.PV,,,26-MAY-2026,NONE,NONE
113,NEITHER,STRM_COMP_ANALYSIS,WT_PCT,Pluto-NWS Interconnector Export,PNI_EXPORT,IC4,PGP.56QQ214A.PV,,,26-MAY-2026,NONE,NONE
114,NEITHER,STRM_COMP_ANALYSIS,WT_PCT,Pluto-NWS Interconnector Export,PNI_EXPORT,IC5,PGP.56QQ216A.PV,,,26-MAY-2026,NONE,NONE
115,NEITHER,STRM_COMP_ANALYSIS,WT_PCT,Pluto-NWS Interconnector Export,PNI_EXPORT,N2,PGP.56QQ222A.PV,,,26-MAY-2026,NONE,NONE
116,NEITHER,STRM_COMP_ANALYSIS,WT_PCT,Pluto-NWS Interconnector Export,PNI_EXPORT,NC4,PGP.56QQ215A.PV,,,26-MAY-2026,NONE,NONE
117,NEITHER,STRM_COMP_ANALYSIS,WT_PCT,Pluto-NWS Interconnector Export,PNI_EXPORT,NC5,PGP.56QQ217A.PV,,,26-MAY-2026,NONE,NONE
118,NEITHER,TANK_DAY_DIP_STATUS,AVG_TEMP,Condensate Tank T3301,PLU_COND_TANK_1,,PGP.T3301_TEMP.TEMP.PV,,,26-MAY-2026,NONE,NONE
119,NEITHER,TANK_DAY_DIP_STATUS,AVG_TEMP,Condensate Tank T3302,PLU_COND_TANK_2,,PGP.T3302_TEMP.TEMP.PV,,,26-MAY-2026,NONE,NONE
120,NEITHER,TANK_DAY_DIP_STATUS,AVG_TEMP,Condensate Tank T3303,PLU_COND_TANK_3,,PGP.T3303_TEMP.TEMP.PV,,,26-MAY-2026,NONE,NONE
121,NEITHER,TANK_DAY_DIP_STATUS,AVG_TEMP,LNG Tank 3101,T_LNG_T3101,,PGP.34LDI005_5.PV,,,26-MAY-2026,NONE,NONE
122,NEITHER,TANK_DAY_DIP_STATUS,AVG_TEMP,LNG Tank 3102,T_LNG_T3102,,PGP.34LDI006_19.PV,,,26-MAY-2026,NONE,NONE
123,NEITHER,TANK_DAY_DIP_STATUS,GRS_VOL,Condensate Tank T3301,PLU_COND_TANK_1,,PGP.T3301_TOTS.VOLUME.PV,,,26-MAY-2026,NONE,NONE
124,NEITHER,TANK_DAY_DIP_STATUS,GRS_VOL,Condensate Tank T3302,PLU_COND_TANK_2,,PGP.T3302_TOTS.VOLUME.PV,,,26-MAY-2026,NONE,NONE
125,NEITHER,TANK_DAY_DIP_STATUS,GRS_VOL,Condensate Tank T3303,PLU_COND_TANK_3,,PGP.T3303_TOTS.VOLUME.PV,,,26-MAY-2026,NONE,NONE
126,NEITHER,TANK_DAY_DIP_STATUS,GRS_VOL,LNG Tank 3101,T_LNG_T3101,,PGP.T3101_TOTS.VOLUME.PV,,,26-MAY-2026,NONE,NONE
127,NEITHER,TANK_DAY_DIP_STATUS,GRS_VOL,LNG Tank 3102,T_LNG_T3102,,PGP.T3102_TOTS.VOLUME.PV,,,26-MAY-2026,NONE,NONE
128,NEITHER,TANK_DAY_DIP_STATUS,MEAS_STD_DENSITY,LNG Tank 3101,T_LNG_T3101,,PGP.34LDI005_6.PV,,,26-MAY-2026,NONE,NONE
129,NEITHER,TANK_DAY_DIP_STATUS,MEAS_STD_DENSITY,LNG Tank 3102,T_LNG_T3102,,PGP.34LDI006_18.PV,,,26-MAY-2026,NONE,NONE
130,NEITHER,TANK_DAY_DIP_STATUS,ZWP_GRS_MASS,LNG Tank 3101,T_LNG_T3101,,PGP.T3101_TOTS.MASS.PV,TONNES,KG,26-MAY-2026,NONE,NONE
131,NEITHER,TANK_DAY_DIP_STATUS,ZWP_GRS_MASS,LNG Tank 3102,T_LNG_T3102,,PGP.T3102_TOTS.MASS.PV,TONNES,KG,26-MAY-2026,NONE,NONE
